University Name,Major Name,Source URL
American University of Vietnam,Aviation,https://auv.edu.vn/academics
American University of Vietnam,Aviation Management and Maintenance Management,https://auv.edu.vn/academics
American University of Vietnam,Broadcast Journalism,https://auv.edu.vn/academics
American University of Vietnam,Business Administration,https://auv.edu.vn/academics
American University of Vietnam,Communication Studies,https://auv.edu.vn/academics
American University of Vietnam,Computer Science,https://auv.edu.vn/academics
American University of Vietnam,Electrical Engineering,https://auv.edu.vn/academics
American University of Vietnam,Global Business Administration,https://auv.edu.vn/academics
American University of Vietnam,Health Sciences,https://auv.edu.vn/academics
American University of Vietnam,Hospitality Management,https://auv.edu.vn/academics
American University of Vietnam,Industrial Engineering,https://auv.edu.vn/academics
American University of Vietnam,Information Technology,https://auv.edu.vn/academics
American University of Vietnam,Mass Communication,https://auv.edu.vn/academics
American University of Vietnam,Media Communications,https://auv.edu.vn/academics
American University of Vietnam,Multimedia,https://auv.edu.vn/academics
American University of Vietnam,Public Relations,https://auv.edu.vn/academics
American University of Vietnam,Software Engineering,https://auv.edu.vn/academics
American University of Vietnam,Sustainable Tourism,https://auv.edu.vn/academics
Bournemouth University,BA (Hons) Events Management,https://www.bournemouth.ac.uk/collaborate/global-bu/east-asia-oceania/british-university-vietnam
Bournemouth University,BA (Hons) Tourism Management,https://www.bournemouth.ac.uk/collaborate/global-bu/east-asia-oceania/british-university-vietnam
British University Vietnam,BA (Hons) Contemporary Creative Practice: Animation,https://www.buv.edu.vn/courses/
British University Vietnam,BA (Hons) Contemporary Creative Practice: Graphic Design,https://www.buv.edu.vn/courses/
British University Vietnam,BA (Hons) Contemporary Creative Practice: Illustration,https://www.buv.edu.vn/courses/
British University Vietnam,BA (Hons) Contemporary Creative Practice: Photography,https://www.buv.edu.vn/courses/
British University Vietnam,BA (Hons) Digital & Social Media Marketing,https://www.buv.edu.vn/courses/
British University Vietnam,BA (Hons) Events Management,https://www.buv.edu.vn/courses/
British University Vietnam,BA (Hons) Film and Media Production,https://www.buv.edu.vn/courses/
British University Vietnam,BA (Hons) Finance and Economics (Dual),https://www.buv.edu.vn/courses/
British University Vietnam,BA (Hons) Games Art,https://www.buv.edu.vn/courses/
British University Vietnam,BA (Hons) Graphic Design (Dual Degree),https://www.buv.edu.vn/courses/
British University Vietnam,BA (Hons) Illustration with Animation (Dual Degree),https://www.buv.edu.vn/courses/
British University Vietnam,"BA (Hons) Professional Communication (Business, Design & Strategy)",https://www.buv.edu.vn/courses/
British University Vietnam,BA (Hons) Tourism Management,https://www.buv.edu.vn/courses/
British University Vietnam,BSc (Hons) Accounting and Finance,https://www.buv.edu.vn/courses/
British University Vietnam,BSc (Hons) Banking and Finance (Dual Degree),https://www.buv.edu.vn/courses/
British University Vietnam,BSc (Hons) Business and Management,https://www.buv.edu.vn/courses/
British University Vietnam,BSc (Hons) Computer Games Design and Programming,https://www.buv.edu.vn/courses/
British University Vietnam,BSc (Hons) Computer Science,https://www.buv.edu.vn/courses/
British University Vietnam,BSc (Hons) Data Science and Artificial Intelligence,https://www.buv.edu.vn/courses/
British University Vietnam,BSc (Hons) Data Science and Business Analytics,https://www.buv.edu.vn/courses/
British University Vietnam,BSc (Hons) Digital Business and Technology Innovation (Dual Degree),https://www.buv.edu.vn/courses/
British University Vietnam,BSc (Hons) Economics and Management,https://www.buv.edu.vn/courses/
British University Vietnam,BSc (Hons) Finance,https://www.buv.edu.vn/courses/
British University Vietnam,BSc (Hons) International Business Management,https://www.buv.edu.vn/courses/
British University Vietnam,BSc (Hons) Software Engineering,https://www.buv.edu.vn/courses/
British University Vietnam,Bachelor in International Hospitality Management,https://www.buv.edu.vn/courses/
British University Vietnam,Bachelor of Computer Science (Game Innovation),https://www.buv.edu.vn/courses/
British University Vietnam,MBA Business Administration,https://www.buv.edu.vn/courses/
Can Tho University,Accounting,https://www.ctu.edu.vn/academics/undergraduate-programs
Can Tho University,Administrative Law,https://www.ctu.edu.vn/academics/undergraduate-programs
Can Tho University,Agricultural Economics,https://www.ctu.edu.vn/academics/undergraduate-programs
Can Tho University,Agricultural System,https://www.ctu.edu.vn/academics/graduate-programs
Can Tho University,Algebra and Number Theory,https://www.ctu.edu.vn/academics/graduate-programs
Can Tho University,Animal Production,https://www.ctu.edu.vn/academics/graduate-programs
Can Tho University,Animal Science,https://www.ctu.edu.vn/academics/graduate-programs
Can Tho University,Applied Biological Sciences,https://www.ctu.edu.vn/academics/undergraduate-programs
Can Tho University,Applied Mathematics,https://www.ctu.edu.vn/academics/undergraduate-programs
Can Tho University,Aquaculture,https://www.ctu.edu.vn/academics/graduate-programs
Can Tho University,Aquatic Pathobiology,https://www.ctu.edu.vn/academics/graduate-programs
Can Tho University,Aquatic Products Processing Technology,https://www.ctu.edu.vn/academics/undergraduate-programs
Can Tho University,Artificial Intelligence,https://www.ctu.edu.vn/academics/undergraduate-programs
Can Tho University,Auditing,https://www.ctu.edu.vn/academics/undergraduate-programs
Can Tho University,Biology,https://www.ctu.edu.vn/academics/undergraduate-programs
Can Tho University,Biology Teacher Education,https://www.ctu.edu.vn/academics/undergraduate-programs
Can Tho University,Biotechnology,https://www.ctu.edu.vn/academics/undergraduate-programs
Can Tho University,Business Administration,https://www.ctu.edu.vn/academics/undergraduate-programs
Can Tho University,Chemical Engineering,https://www.ctu.edu.vn/academics/undergraduate-programs
Can Tho University,Chemistry,https://www.ctu.edu.vn/academics/undergraduate-programs
Can Tho University,Chemistry Teacher Education,https://www.ctu.edu.vn/academics/undergraduate-programs
Can Tho University,Civic Teacher Education,https://www.ctu.edu.vn/academics/undergraduate-programs
Can Tho University,Civil Engineering,https://www.ctu.edu.vn/academics/undergraduate-programs
Can Tho University,Civil Law and Civil Procedure Law,https://www.ctu.edu.vn/academics/undergraduate-programs
Can Tho University,Commercial Business,https://www.ctu.edu.vn/academics/undergraduate-programs
Can Tho University,Computer Networks and Data Communication,https://www.ctu.edu.vn/academics/undergraduate-programs
Can Tho University,Computer Science,https://www.ctu.edu.vn/academics/undergraduate-programs
Can Tho University,Control Engineering and Automation,https://www.ctu.edu.vn/academics/graduate-programs
Can Tho University,Crop Science,https://www.ctu.edu.vn/academics/graduate-programs
Can Tho University,Data Mining,https://www.ctu.edu.vn/academics/graduate-programs
Can Tho University,Ecology,https://www.ctu.edu.vn/academics/graduate-programs
Can Tho University,Economic Law,https://www.ctu.edu.vn/academics/undergraduate-programs
Can Tho University,Economics,https://www.ctu.edu.vn/academics/undergraduate-programs
Can Tho University,Educational Management,https://www.ctu.edu.vn/academics/graduate-programs
Can Tho University,Educational Psychology,https://www.ctu.edu.vn/academics/undergraduate-programs
Can Tho University,Electrical Engineering,https://www.ctu.edu.vn/academics/graduate-programs
Can Tho University,Electronic Commerce,https://www.ctu.edu.vn/academics/undergraduate-programs
Can Tho University,Engineering Physics,https://www.ctu.edu.vn/academics/undergraduate-programs
Can Tho University,English Studies,https://www.ctu.edu.vn/academics/undergraduate-programs
Can Tho University,English Teacher Education,https://www.ctu.edu.vn/academics/undergraduate-programs
Can Tho University,English Translation and Interpretation,https://www.ctu.edu.vn/academics/undergraduate-programs
Can Tho University,Environmental Engineering,https://www.ctu.edu.vn/academics/graduate-programs
Can Tho University,Environmental Sciences,https://www.ctu.edu.vn/academics/graduate-programs
Can Tho University,Finance - Banking,https://www.ctu.edu.vn/academics/undergraduate-programs
Can Tho University,Fisheries Management,https://www.ctu.edu.vn/academics/graduate-programs
Can Tho University,Food Technology,https://www.ctu.edu.vn/academics/undergraduate-programs
Can Tho University,French Studies,https://www.ctu.edu.vn/academics/undergraduate-programs
Can Tho University,French Teacher Education,https://www.ctu.edu.vn/academics/undergraduate-programs
Can Tho University,Geography Teacher Education,https://www.ctu.edu.vn/academics/undergraduate-programs
Can Tho University,History - Geography Teacher Education,https://www.ctu.edu.vn/academics/undergraduate-programs
Can Tho University,History Teacher Education,https://www.ctu.edu.vn/academics/undergraduate-programs
Can Tho University,Hydraulic Engineering,https://www.ctu.edu.vn/academics/graduate-programs
Can Tho University,Industrial Management,https://www.ctu.edu.vn/academics/undergraduate-programs
Can Tho University,Informatics Teacher Education,https://www.ctu.edu.vn/academics/undergraduate-programs
Can Tho University,Information Security,https://www.ctu.edu.vn/academics/undergraduate-programs
Can Tho University,Information Systems,https://www.ctu.edu.vn/academics/undergraduate-programs
Can Tho University,Information Technology,https://www.ctu.edu.vn/academics/undergraduate-programs
Can Tho University,International Business,https://www.ctu.edu.vn/academics/undergraduate-programs
Can Tho University,Journalism,https://www.ctu.edu.vn/academics/undergraduate-programs
Can Tho University,Land Management,https://www.ctu.edu.vn/academics/graduate-programs
Can Tho University,Law,https://www.ctu.edu.vn/academics/graduate-programs
Can Tho University,Library and Information Science,https://www.ctu.edu.vn/academics/undergraduate-programs
Can Tho University,Literature,https://www.ctu.edu.vn/academics/undergraduate-programs
Can Tho University,Logistics and Supply Chain Management,https://www.ctu.edu.vn/academics/undergraduate-programs
Can Tho University,Managerial Economics,https://www.ctu.edu.vn/academics/graduate-programs
Can Tho University,Marketing,https://www.ctu.edu.vn/academics/undergraduate-programs
Can Tho University,Materials Engineering,https://www.ctu.edu.vn/academics/undergraduate-programs
Can Tho University,Mathematical Analysis,https://www.ctu.edu.vn/academics/graduate-programs
Can Tho University,Mathematics Teacher Education,https://www.ctu.edu.vn/academics/undergraduate-programs
Can Tho University,Mechanical Engineering,https://www.ctu.edu.vn/academics/undergraduate-programs
Can Tho University,Mechatronic Engineering,https://www.ctu.edu.vn/academics/undergraduate-programs
Can Tho University,Medicinal Chemistry,https://www.ctu.edu.vn/academics/undergraduate-programs
Can Tho University,Microbiology,https://www.ctu.edu.vn/academics/graduate-programs
Can Tho University,Microchip Design,https://www.ctu.edu.vn/academics/undergraduate-programs
Can Tho University,Multimedia Communications,https://www.ctu.edu.vn/academics/undergraduate-programs
Can Tho University,Natural Resources Economics,https://www.ctu.edu.vn/academics/undergraduate-programs
Can Tho University,Natural Resources and Environment Management,https://www.ctu.edu.vn/academics/graduate-programs
Can Tho University,Natural Science Teacher Education,https://www.ctu.edu.vn/academics/undergraduate-programs
Can Tho University,Organic Chemistry,https://www.ctu.edu.vn/academics/graduate-programs
Can Tho University,Philosophy,https://www.ctu.edu.vn/academics/undergraduate-programs
Can Tho University,Physical Education,https://www.ctu.edu.vn/academics/undergraduate-programs
Can Tho University,Physics Teacher Education,https://www.ctu.edu.vn/academics/undergraduate-programs
Can Tho University,Plant Breeding and Genetics,https://www.ctu.edu.vn/academics/graduate-programs
Can Tho University,Plant Protection,https://www.ctu.edu.vn/academics/graduate-programs
Can Tho University,Politics,https://www.ctu.edu.vn/academics/undergraduate-programs
Can Tho University,Post-harvest Technology,https://www.ctu.edu.vn/academics/undergraduate-programs
Can Tho University,Preschool Education,https://www.ctu.edu.vn/academics/undergraduate-programs
Can Tho University,Primary School Teacher Education,https://www.ctu.edu.vn/academics/undergraduate-programs
Can Tho University,Principles and Methods in English Language Education,https://www.ctu.edu.vn/academics/graduate-programs
Can Tho University,Principles and Methods in French Language Education,https://www.ctu.edu.vn/academics/graduate-programs
Can Tho University,Principles and Methods in Mathematics Education,https://www.ctu.edu.vn/academics/graduate-programs
Can Tho University,Principles and Methods in Physical Education,https://www.ctu.edu.vn/academics/graduate-programs
Can Tho University,Principles and Methods in Vietnamese Linguistics and Literature Education,https://www.ctu.edu.vn/academics/graduate-programs
Can Tho University,Principles and Teaching Methods,https://www.ctu.edu.vn/academics/graduate-programs
Can Tho University,Probability Theory and Mathematical Statistics,https://www.ctu.edu.vn/academics/graduate-programs
Can Tho University,Public Policy,https://www.ctu.edu.vn/academics/graduate-programs
Can Tho University,Quality Assurance and Food Safety,https://www.ctu.edu.vn/academics/undergraduate-programs
Can Tho University,Rural Development,https://www.ctu.edu.vn/academics/graduate-programs
Can Tho University,Sociology,https://www.ctu.edu.vn/academics/undergraduate-programs
Can Tho University,Software Engineering,https://www.ctu.edu.vn/academics/undergraduate-programs
Can Tho University,Soil Science,https://www.ctu.edu.vn/academics/graduate-programs
Can Tho University,Statistics,https://www.ctu.edu.vn/academics/undergraduate-programs
Can Tho University,Theoretical Chemistry and Physical Chemistry,https://www.ctu.edu.vn/academics/graduate-programs
Can Tho University,Theoretical Physics and Mathematical Physics,https://www.ctu.edu.vn/academics/graduate-programs
Can Tho University,Tourism,https://www.ctu.edu.vn/academics/undergraduate-programs
Can Tho University,Tourism and Hospitality Management,https://www.ctu.edu.vn/academics/undergraduate-programs
Can Tho University,Veterinary Medicine,https://www.ctu.edu.vn/academics/graduate-programs
Can Tho University,Vietnamese Linguistics and Literature Teacher Education,https://www.ctu.edu.vn/academics/undergraduate-programs
Can Tho University,Vietnamese Literature,https://www.ctu.edu.vn/academics/graduate-programs
Dong Nai University,Accounting,https://www.dnpu.edu.vn/en/dao-tao/cac-nganh-dao-tao
Dong Nai University,Biology Education,https://www.dnpu.edu.vn/en/dao-tao/cac-nganh-dao-tao
Dong Nai University,Business Administration,https://www.dnpu.edu.vn/en/dao-tao/cac-nganh-dao-tao
Dong Nai University,Chemistry Education,https://www.dnpu.edu.vn/en/dao-tao/cac-nganh-dao-tao
Dong Nai University,Early Childhood Education,https://www.dnpu.edu.vn/en/dao-tao/cac-nganh-dao-tao
Dong Nai University,Electrical and Electronic Engineering Technology,https://www.dnpu.edu.vn/en/dao-tao/cac-nganh-dao-tao
Dong Nai University,English Education,https://www.dnpu.edu.vn/en/dao-tao/cac-nganh-dao-tao
Dong Nai University,English Language,https://www.dnpu.edu.vn/en/dao-tao/cac-nganh-dao-tao
Dong Nai University,Environmental Science,https://www.dnpu.edu.vn/en/dao-tao/cac-nganh-dao-tao
Dong Nai University,History Education,https://www.dnpu.edu.vn/en/dao-tao/cac-nganh-dao-tao
Dong Nai University,Land Management,https://www.dnpu.edu.vn/en/dao-tao/cac-nganh-dao-tao
Dong Nai University,Literature Education,https://www.dnpu.edu.vn/en/dao-tao/cac-nganh-dao-tao
Dong Nai University,Mathematics Education,https://www.dnpu.edu.vn/en/dao-tao/cac-nganh-dao-tao
Dong Nai University,Mechanical Engineering,https://www.dnpu.edu.vn/en/dao-tao/cac-nganh-dao-tao
Dong Nai University,Physics Education,https://www.dnpu.edu.vn/en/dao-tao/cac-nganh-dao-tao
Dong Nai University,Primary Education,https://www.dnpu.edu.vn/en/dao-tao/cac-nganh-dao-tao
Dong Thap University,Accounting,https://vertexaisearch.cloud.google.com/grounding-api-redirect/AUZIYQFL92hb_J3R7uBKtoqbkPtcSETkBdHSYU70VO2urv9R0uBbtPxRHUfoNVd7ob3uTRgNjmceZzzUkS96ltgRoCl_B6SGGNcLux6HqTJWdlD7LGHAp-hr3m1iJRbrYzEnx3Sf-_8=
Dong Thap University,Agricultural Technology,https://vertexaisearch.cloud.google.com/grounding-api-redirect/AUZIYQFL92hb_J3R7uBKtoqbkPtcSETkBdHSYU70VO2urv9R0uBbtPxRHUfoNVd7ob3uTRgNjmceZzzUkS96ltgRoCl_B6SGGNcLux6HqTJWdlD7LGHAp-hr3m1iJRbrYzEnx3Sf-_8=
Dong Thap University,Agronomy,https://vertexaisearch.cloud.google.com/grounding-api-redirect/AUZIYQFL92hb_J3R7uBKtoqbkPtcSETkBdHSYU70VO2urv9R0uBbtPxRHUfoNVd7ob3uTRgNjmceZzzUkS96ltgRoCl_B6SGGNcLux6HqTJWdlD7LGHAp-hr3m1iJRbrYzEnx3Sf-_8=
Dong Thap University,Aquaculture,https://vertexaisearch.cloud.google.com/grounding-api-redirect/AUZIYQFL92hb_J3R7uBKtoqbkPtcSETkBdHSYU70VO2urv9R0uBbtPxRHUfoNVd7ob3uTRgNjmceZzzUkS96ltgRoCl_B6SGGNcLux6HqTJWdlD7LGHAp-hr3m1iJRbrYzEnx3Sf-_8=
Dong Thap University,Art Teacher Education,https://vertexaisearch.cloud.google.com/grounding-api-redirect/AUZIYQFL92hb_J3R7uBKtoqbkPtcSETkBdHSYU70VO2urv9R0uBbtPxRHUfoNVd7ob3uTRgNjmceZzzUkS96ltgRoCl_B6SGGNcLux6HqTJWdlD7LGHAp-hr3m1iJRbrYzEnx3Sf-_8=
Dong Thap University,Biology,https://vertexaisearch.cloud.google.com/grounding-api-redirect/AUZIYQFL92hb_J3R7uBKtoqbkPtcSETkBdHSYU70VO2urv9R0uBbtPxRHUfoNVd7ob3uTRgNjmceZzzUkS96ltgRoCl_B6SGGNcLux6HqTJWdlD7LGHAp-hr3m1iJRbrYzEnx3Sf-_8=
Dong Thap University,Biology Teacher Education,https://vertexaisearch.cloud.google.com/grounding-api-redirect/AUZIYQFL92hb_J3R7uBKtoqbkPtcSETkBdHSYU70VO2urv9R0uBbtPxRHUfoNVd7ob3uTRgNjmceZzzUkS96ltgRoCl_B6SGGNcLux6HqTJWdlD7LGHAp-hr3m1iJRbrYzEnx3Sf-_8=
Dong Thap University,Business Administration,https://vertexaisearch.cloud.google.com/grounding-api-redirect/AUZIYQFL92hb_J3R7uBKtoqbkPtcSETkBdHSYU70VO2urv9R0uBbtPxRHUfoNVd7ob3uTRgNjmceZzzUkS96ltgRoCl_B6SGGNcLux6HqTJWdlD7LGHAp-hr3m1iJRbrYzEnx3Sf-_8=
Dong Thap University,Chemistry Teacher Education,https://vertexaisearch.cloud.google.com/grounding-api-redirect/AUZIYQFL92hb_J3R7uBKtoqbkPtcSETkBdHSYU70VO2urv9R0uBbtPxRHUfoNVd7ob3uTRgNjmceZzzUkS96ltgRoCl_B6SGGNcLux6HqTJWdlD7LGHAp-hr3m1iJRbrYzEnx3Sf-_8=
Dong Thap University,Chinese Linguistics,https://vertexaisearch.cloud.google.com/grounding-api-redirect/AUZIYQFL92hb_J3R7uBKtoqbkPtcSETkBdHSYU70VO2urv9R0uBbtPxRHUfoNVd7ob3uTRgNjmceZzzUkS96ltgRoCl_B6SGGNcLux6HqTJWdlD7LGHAp-hr3m1iJRbrYzEnx3Sf-_8=
Dong Thap University,Civic Education,https://vertexaisearch.cloud.google.com/grounding-api-redirect/AUZIYQFL92hb_J3R7uBKtoqbkPtcSETkBdHSYU70VO2urv9R0uBbtPxRHUfoNVd7ob3uTRgNjmceZzzUkS96ltgRoCl_B6SGGNcLux6HqTJWdlD7LGHAp-hr3m1iJRbrYzEnx3Sf-_8=
Dong Thap University,Civil Engineering and Transportation Construction,https://vertexaisearch.cloud.google.com/grounding-api-redirect/AUZIYQFL92hb_J3R7uBKtoqbkPtcSETkBdHSYU70VO2urv9R0uBbtPxRHUfoNVd7ob3uTRgNjmceZzzUkS96ltgRoCl_B6SGGNcLux6HqTJWdlD7LGHAp-hr3m1iJRbrYzEnx3Sf-_8=
Dong Thap University,Computer Science,https://vertexaisearch.cloud.google.com/grounding-api-redirect/AUZIYQFL92hb_J3R7uBKtoqbkPtcSETkBdHSYU70VO2urv9R0uBbtPxRHUfoNVd7ob3uTRgNjmceZzzUkS96ltgRoCl_B6SGGNcLux6HqTJWdlD7LGHAp-hr3m1iJRbrYzEnx3Sf-_8=
Dong Thap University,Culture Management,https://vertexaisearch.cloud.google.com/grounding-api-redirect/AUZIYQFL92hb_J3R7uBKtoqbkPtcSETkBdHSYU70VO2urv9R0uBbtPxRHUfoNVd7ob3uTRgNjmceZzzUkS96ltgRoCl_B6SGGNcLux6HqTJWdlD7LGHAp-hr3m1iJRbrYzEnx3Sf-_8=
Dong Thap University,Cybersecurity,https://vertexaisearch.cloud.google.com/grounding-api-redirect/AUZIYQFL92hb_J3R7uBKtoqbkPtcSETkBdHSYU70VO2urv9R0uBbtPxRHUfoNVd7ob3uTRgNjmceZzzUkS96ltgRoCl_B6SGGNcLux6HqTJWdlD7LGHAp-hr3m1iJRbrYzEnx3Sf-_8=
Dong Thap University,Early Childhood Education,https://vertexaisearch.cloud.google.com/grounding-api-redirect/AUZIYQFL92hb_J3R7uBKtoqbkPtcSETkBdHSYU70VO2urv9R0uBbtPxRHUfoNVd7ob3uTRgNjmceZzzUkS96ltgRoCl_B6SGGNcLux6HqTJWdlD7LGHAp-hr3m1iJRbrYzEnx3Sf-_8=
Dong Thap University,Educational Management,https://vertexaisearch.cloud.google.com/grounding-api-redirect/AUZIYQGYwCwfCv7SY5dy9Rzup10MDju1ixpvQ-JaLKxhzW-hDbOaeQLd_aNt18nDPeeCprjECod3BdHzC5EnofRTEOs67GP5fS7BjOeqiV9TzXxWTZZrZ-3sPYCbrcGrliBJwzWd
Dong Thap University,Educational Technology,https://vertexaisearch.cloud.google.com/grounding-api-redirect/AUZIYQFL92hb_J3R7uBKtoqbkPtcSETkBdHSYU70VO2urv9R0uBbtPxRHUfoNVd7ob3uTRgNjmceZzzUkS96ltgRoCl_B6SGGNcLux6HqTJWdlD7LGHAp-hr3m1iJRbrYzEnx3Sf-_8=
Dong Thap University,Electrical and Electronic Engineering (Semiconductor Integrated Circuits),https://vertexaisearch.cloud.google.com/grounding-api-redirect/AUZIYQFL92hb_J3R7uBKtoqbkPtcSETkBdHSYU70VO2urv9R0uBbtPxRHUfoNVd7ob3uTRgNjmceZzzUkS96ltgRoCl_B6SGGNcLux6HqTJWdlD7LGHAp-hr3m1iJRbrYzEnx3Sf-_8=
Dong Thap University,"English Linguistics (Translation, Business English)",https://vertexaisearch.cloud.google.com/grounding-api-redirect/AUZIYQFL92hb_J3R7uBKtoqbkPtcSETkBdHSYU70VO2urv9R0uBbtPxRHUfoNVd7ob3uTRgNjmceZzzUkS96ltgRoCl_B6SGGNcLux6HqTJWdlD7LGHAp-hr3m1iJRbrYzEnx3Sf-_8=
Dong Thap University,English Teacher Education,https://vertexaisearch.cloud.google.com/grounding-api-redirect/AUZIYQFL92hb_J3R7uBKtoqbkPtcSETkBdHSYU70VO2urv9R0uBbtPxRHUfoNVd7ob3uTRgNjmceZzzUkS96ltgRoCl_B6SGGNcLux6HqTJWdlD7LGHAp-hr3m1iJRbrYzEnx3Sf-_8=
Dong Thap University,Environmental Science,https://vertexaisearch.cloud.google.com/grounding-api-redirect/AUZIYQFL92hb_J3R7uBKtoqbkPtcSETkBdHSYU70VO2urv9R0uBbtPxRHUfoNVd7ob3uTRgNjmceZzzUkS96ltgRoCl_B6SGGNcLux6HqTJWdlD7LGHAp-hr3m1iJRbrYzEnx3Sf-_8=
Dong Thap University,Finance and Banking,https://vertexaisearch.cloud.google.com/grounding-api-redirect/AUZIYQFL92hb_J3R7uBKtoqbkPtcSETkBdHSYU70VO2urv9R0uBbtPxRHUfoNVd7ob3uTRgNjmceZzzUkS96ltgRoCl_B6SGGNcLux6HqTJWdlD7LGHAp-hr3m1iJRbrYzEnx3Sf-_8=
Dong Thap University,Geography Teacher Education,https://vertexaisearch.cloud.google.com/grounding-api-redirect/AUZIYQFL92hb_J3R7uBKtoqbkPtcSETkBdHSYU70VO2urv9R0uBbtPxRHUfoNVd7ob3uTRgNjmceZzzUkS96ltgRoCl_B6SGGNcLux6HqTJWdlD7LGHAp-hr3m1iJRbrYzEnx3Sf-_8=
Dong Thap University,History Teacher Education,https://vertexaisearch.cloud.google.com/grounding-api-redirect/AUZIYQFL92hb_J3R7uBKtoqbkPtcSETkBdHSYU70VO2urv9R0uBbtPxRHUfoNVd7ob3uTRgNjmceZzzUkS96ltgRoCl_B6SGGNcLux6HqTJWdlD7LGHAp-hr3m1iJRbrYzEnx3Sf-_8=
Dong Thap University,Informatics Teacher Education,https://vertexaisearch.cloud.google.com/grounding-api-redirect/AUZIYQFL92hb_J3R7uBKtoqbkPtcSETkBdHSYU70VO2urv9R0uBbtPxRHUfoNVd7ob3uTRgNjmceZzzUkS96ltgRoCl_B6SGGNcLux6HqTJWdlD7LGHAp-hr3m1iJRbrYzEnx3Sf-_8=
Dong Thap University,Land Management,https://vertexaisearch.cloud.google.com/grounding-api-redirect/AUZIYQFL92hb_J3R7uBKtoqbkPtcSETkBdHSYU70VO2urv9R0uBbtPxRHUfoNVd7ob3uTRgNjmceZzzUkS96ltgRoCl_B6SGGNcLux6HqTJWdlD7LGHAp-hr3m1iJRbrYzEnx3Sf-_8=
Dong Thap University,Literature Teacher Education,https://vertexaisearch.cloud.google.com/grounding-api-redirect/AUZIYQFL92hb_J3R7uBKtoqbkPtcSETkBdHSYU70VO2urv9R0uBbtPxRHUfoNVd7ob3uTRgNjmceZzzUkS96ltgRoCl_B6SGGNcLux6HqTJWdlD7LGHAp-hr3m1iJRbrYzEnx3Sf-_8=
Dong Thap University,Mathematics Teacher Education,https://vertexaisearch.cloud.google.com/grounding-api-redirect/AUZIYQFL92hb_J3R7uBKtoqbkPtcSETkBdHSYU70VO2urv9R0uBbtPxRHUfoNVd7ob3uTRgNjmceZzzUkS96ltgRoCl_B6SGGNcLux6HqTJWdlD7LGHAp-hr3m1iJRbrYzEnx3Sf-_8=
Dong Thap University,Music Teacher Education,https://vertexaisearch.cloud.google.com/grounding-api-redirect/AUZIYQFL92hb_J3R7uBKtoqbkPtcSETkBdHSYU70VO2urv9R0uBbtPxRHUfoNVd7ob3uTRgNjmceZzzUkS96ltgRoCl_B6SGGNcLux6HqTJWdlD7LGHAp-hr3m1iJRbrYzEnx3Sf-_8=
Dong Thap University,Physical Education,https://vertexaisearch.cloud.google.com/grounding-api-redirect/AUZIYQFL92hb_J3R7uBKtoqbkPtcSETkBdHSYU70VO2urv9R0uBbtPxRHUfoNVd7ob3uTRgNjmceZzzUkS96ltgRoCl_B6SGGNcLux6HqTJWdlD7LGHAp-hr3m1iJRbrYzEnx3Sf-_8=
Dong Thap University,Physics,https://vertexaisearch.cloud.google.com/grounding-api-redirect/AUZIYQFL92hb_J3R7uBKtoqbkPtcSETkBdHSYU70VO2urv9R0uBbtPxRHUfoNVd7ob3uTRgNjmceZzzUkS96ltgRoCl_B6SGGNcLux6HqTJWdlD7LGHAp-hr3m1iJRbrYzEnx3Sf-_8=
Dong Thap University,Physics Teacher Education,https://vertexaisearch.cloud.google.com/grounding-api-redirect/AUZIYQFL92hb_J3R7uBKtoqbkPtcSETkBdHSYU70VO2urv9R0uBbtPxRHUfoNVd7ob3uTRgNjmceZzzUkS96ltgRoCl_B6SGGNcLux6HqTJWdlD7LGHAp-hr3m1iJRbrYzEnx3Sf-_8=
Dong Thap University,Political Education,https://vertexaisearch.cloud.google.com/grounding-api-redirect/AUZIYQFL92hb_J3R7uBKtoqbkPtcSETkBdHSYU70VO2urv9R0uBbtPxRHUfoNVd7ob3uTRgNjmceZzzUkS96ltgRoCl_B6SGGNcLux6HqTJWdlD7LGHAp-hr3m1iJRbrYzEnx3Sf-_8=
Dong Thap University,Primary Education,https://vertexaisearch.cloud.google.com/grounding-api-redirect/AUZIYQFL92hb_J3R7uBKtoqbkPtcSETkBdHSYU70VO2urv9R0uBbtPxRHUfoNVd7ob3uTRgNjmceZzzUkS96ltgRoCl_B6SGGNcLux6HqTJWdlD7LGHAp-hr3m1iJRbrYzEnx3Sf-_8=
Dong Thap University,Social Work,https://vertexaisearch.cloud.google.com/grounding-api-redirect/AUZIYQFL92hb_J3R7uBKtoqbkPtcSETkBdHSYU70VO2urv9R0uBbtPxRHUfoNVd7ob3uTRgNjmceZzzUkS96ltgRoCl_B6SGGNcLux6HqTJWdlD7LGHAp-hr3m1iJRbrYzEnx3Sf-_8=
Dong Thap University,Theoretical and Physical Chemistry,https://vertexaisearch.cloud.google.com/grounding-api-redirect/AUZIYQGYwCwfCv7SY5dy9Rzup10MDju1ixpvQ-JaLKxhzW-hDbOaeQLd_aNt18nDPeeCprjECod3BdHzC5EnofRTEOs67GP5fS7BjOeqiV9TzXxWTZZrZ-3sPYCbrcGrliBJwzWd
Dong Thap University,Theory and Methodology of Teaching Mathematics,https://vertexaisearch.cloud.google.com/grounding-api-redirect/AUZIYQGYwCwfCv7SY5dy9Rzup10MDju1ixpvQ-JaLKxhzW-hDbOaeQLd_aNt18nDPeeCprjECod3BdHzC5EnofRTEOs67GP5fS7BjOeqiV9TzXxWTZZrZ-3sPYCbrcGrliBJwzWd
Dong Thap University,Vietnamese Studies (Culture - Tourism),https://vertexaisearch.cloud.google.com/grounding-api-redirect/AUZIYQFL92hb_J3R7uBKtoqbkPtcSETkBdHSYU70VO2urv9R0uBbtPxRHUfoNVd7ob3uTRgNjmceZzzUkS96ltgRoCl_B6SGGNcLux6HqTJWdlD7LGHAp-hr3m1iJRbrYzEnx3Sf-_8=
Duy Tan University,Accounting,https://duytan.edu.vn/nganh-nghe-dao-tao
Duy Tan University,Architecture,https://duytan.edu.vn/nganh-nghe-dao-tao
Duy Tan University,Artificial Intelligence,https://duytan.edu.vn/nganh-nghe-dao-tao
Duy Tan University,Auditing,https://duytan.edu.vn/nganh-nghe-dao-tao
Duy Tan University,Automotive Engineering Technology,https://duytan.edu.vn/nganh-nghe-dao-tao
Duy Tan University,Automotive Engineering Technology (VJJ Program),https://duytan.edu.vn/nganh-nghe-dao-tao
Duy Tan University,Aviation Electronics and Telecommunications,https://duytan.edu.vn/nganh-nghe-dao-tao
Duy Tan University,Biomedical Engineering,https://duytan.edu.vn/nganh-nghe-dao-tao
Duy Tan University,Biotechnology,https://duytan.edu.vn/nganh-nghe-dao-tao
Duy Tan University,Business Administration,https://duytan.edu.vn/nganh-nghe-dao-tao
Duy Tan University,Business Administration (Troy University Program),https://duytan.edu.vn/nganh-nghe-dao-tao
Duy Tan University,Chinese Language,https://duytan.edu.vn/nganh-nghe-dao-tao
Duy Tan University,Chinese for Translation and Interpretation,https://duytan.edu.vn/nganh-nghe-dao-tao
Duy Tan University,Civil Engineering,https://duytan.edu.vn/nganh-nghe-dao-tao
Duy Tan University,Civil Engineering (Viet-Japan Program),https://duytan.edu.vn/nganh-nghe-dao-tao
Duy Tan University,Commercial Business,https://duytan.edu.vn/nganh-nghe-dao-tao
Duy Tan University,Computer Engineering,https://duytan.edu.vn/nganh-nghe-dao-tao
Duy Tan University,Computer Networks and Data Communications,https://duytan.edu.vn/nganh-nghe-dao-tao
Duy Tan University,Computer Science,https://duytan.edu.vn/nganh-nghe-dao-tao
Duy Tan University,Computer Science (Troy University Program),https://duytan.edu.vn/nganh-nghe-dao-tao
Duy Tan University,Construction Architecture (Viet-Japan Program),https://duytan.edu.vn/nganh-nghe-dao-tao
Duy Tan University,Construction Engineering Technology,https://duytan.edu.vn/nganh-nghe-dao-tao
Duy Tan University,Control and Automation Engineering,https://duytan.edu.vn/nganh-nghe-dao-tao
Duy Tan University,Data Science,https://duytan.edu.vn/nganh-nghe-dao-tao
Duy Tan University,E-commerce,https://duytan.edu.vn/nganh-nghe-dao-tao
Duy Tan University,Economic Law,https://duytan.edu.vn/nganh-nghe-dao-tao
Duy Tan University,Electrical Engineering,https://duytan.edu.vn/nganh-nghe-dao-tao
Duy Tan University,Electrical and Electronic Engineering Technology,https://duytan.edu.vn/nganh-nghe-dao-tao
Duy Tan University,English Language,https://duytan.edu.vn/nganh-nghe-dao-tao
Duy Tan University,English for Tourism,https://duytan.edu.vn/nganh-nghe-dao-tao
Duy Tan University,Environmental Engineering Technology,https://duytan.edu.vn/nganh-nghe-dao-tao
Duy Tan University,Environmental and Resource Management,https://duytan.edu.vn/nganh-nghe-dao-dao
Duy Tan University,Event Management,https://duytan.edu.vn/nganh-nghe-dao-tao
Duy Tan University,Family Economics,https://duytan.edu.vn/nganh-nghe-dao-tao
Duy Tan University,Fashion Design,https://duytan.edu.vn/nganh-nghe-dao-tao
Duy Tan University,Finance - Banking,https://duytan.edu.vn/nganh-nghe-dao-tao
Duy Tan University,Financial Technology,https://duytan.edu.vn/nganh-nghe-dao-tao
Duy Tan University,Food Technology,https://duytan.edu.vn/nganh-nghe-dao-tao
Duy Tan University,General Nursing (Viet-Japan Program),https://duytan.edu.vn/nganh-nghe-dao-tao
Duy Tan University,Graphic Design,https://duytan.edu.vn/nganh-nghe-dao-tao
Duy Tan University,Graphic Design (Viet-Japan Program),https://duytan.edu.vn/nganh-nghe-dao-tao
Duy Tan University,High School Education,https://duytan.edu.vn/nganh-nghe-dao-tao
Duy Tan University,Hotel Management,https://duytan.edu.vn/nganh-nghe-dao-tao
Duy Tan University,Hotel Management (Troy University Program),https://duytan.edu.vn/nganh-nghe-dao-tao
Duy Tan University,Human Resource Management,https://duytan.edu.vn/nganh-nghe-dao-tao
Duy Tan University,Information Security,https://duytan.edu.vn/nganh-nghe-dao-tao
Duy Tan University,International Relations,https://duytan.edu.vn/nganh-nghe-dao-tao
Duy Tan University,Investment Economics,https://duytan.edu.vn/nganh-nghe-dao-tao
Duy Tan University,Japanese Language,https://duytan.edu.vn/nganh-nghe-dao-tao
Duy Tan University,Japanese for Tourism,https://duytan.edu.vn/nganh-nghe-dao-tao
Duy Tan University,Korean Language,https://duytan.edu.vn/nganh-nghe-dao-tao
Duy Tan University,Korean for Tourism,https://duytan.edu.vn/nganh-nghe-dao-tao
Duy Tan University,Law,https://duytan.edu.vn/nganh-nghe-dao-tao
Duy Tan University,Literature,https://duytan.edu.vn/nganh-nghe-dao-tao
Duy Tan University,Literature (Journalism Literature),https://duytan.edu.vn/nganh-nghe-dao-tao
Duy Tan University,Logistics & Supply Chain Management,https://duytan.edu.vn/nganh-nghe-dao-tao
Duy Tan University,Management Information Systems,https://duytan.edu.vn/nganh-nghe-dao-tao
Duy Tan University,Marketing,https://duytan.edu.vn/nganh-nghe-dao-tao
Duy Tan University,Master of Accounting,https://duytan.edu.vn/nganh-nghe-dao-tao
Duy Tan University,Master of Business Administration,https://duytan.edu.vn/nganh-nghe-dao-tao
Duy Tan University,Master of Civil Engineering,https://duytan.edu.vn/nganh-nghe-dao-tao
Duy Tan University,Master of Computer Science,https://duytan.edu.vn/nganh-nghe-dao-tao
Duy Tan University,Master of Economic Law,https://duytan.edu.vn/nganh-nghe-dao-tao
Duy Tan University,Master of Electrical Engineering,https://duytan.edu.vn/nganh-nghe-dao-tao
Duy Tan University,Master of Environmental Engineering,https://duytan.edu.vn/nganh-nghe-dao-tao
Duy Tan University,Master of Finance & Banking,https://duytan.edu.vn/nganh-nghe-dao-tao
Duy Tan University,Master of International Relations,https://duytan.edu.vn/nganh-nghe-dao-tao
Duy Tan University,Master of Nursing International,https://duytan.edu.vn/nganh-nghe-dao-tao
Duy Tan University,Master of Pharmacology Management,https://duytan.edu.vn/nganh-nghe-dao-tao
Duy Tan University,Medical Laboratory Technology,https://duytan.edu.vn/nganh-nghe-dao-tao
Duy Tan University,Medicine,https://duytan.edu.vn/nganh-nghe-dao-tao
Duy Tan University,Multimedia Communications,https://duytan.edu.vn/nganh-nghe-dao-tao
Duy Tan University,Nursing,https://duytan.edu.vn/nganh-nghe-dao-tao
Duy Tan University,Odonto-Stomatology (Dentistry),https://duytan.edu.vn/nganh-nghe-dao-tao
Duy Tan University,PhD in Accounting,https://duytan.edu.vn/nganh-nghe-dao-tao
Duy Tan University,PhD in Business Administration,https://duytan.edu.vn/nganh-nghe-dao-tao
Duy Tan University,PhD in Civil Engineering,https://duytan.edu.vn/nganh-nghe-dao-tao
Duy Tan University,PhD in Computer Science,https://duytan.edu.vn/nganh-nghe-dao-tao
Duy Tan University,PhD in Finance & Banking,https://duytan.edu.vn/nganh-nghe-dao-tao
Duy Tan University,PhD in International Relations,https://duytan.edu.vn/nganh-nghe-dao-tao
Duy Tan University,Pharmacy,https://duytan.edu.vn/nganh-nghe-dao-tao
Duy Tan University,Preschool Education,https://duytan.edu.vn/nganh-nghe-dao-tao
Duy Tan University,Primary Education,https://duytan.edu.vn/nganh-nghe-dao-tao
Duy Tan University,Public Relations,https://duytan.edu.vn/nganh-nghe-dao-tao
Duy Tan University,Restaurant & Food Service Management,https://duytan.edu.vn/nganh-nghe-dao-tao
Duy Tan University,Secondary Education,https://duytan.edu.vn/nganh-nghe-dao-tao
Duy Tan University,Smart Automotive Software Technology,https://duytan.edu.vn/nganh-nghe-dao-tao
Duy Tan University,Software Engineering,https://duytan.edu.vn/nganh-nghe-dao-tao
Duy Tan University,Tourism,https://duytan.edu.vn/nganh-nghe-dao-tao
Duy Tan University,Tourism & Travel Service Management,https://duytan.edu.vn/nganh-nghe-dao-tao
Duy Tan University,Vietnam Studies (Culture and Tourism),https://duytan.edu.vn/nganh-nghe-dao-tao
Duy Tan University,Vocal Music,https://duytan.edu.vn/nganh-nghe-dao-tao
Electric Power University,Automation Technology,http://en.epu.edu.vn
Electric Power University,Civil Engineering,http://en.epu.edu.vn
Electric Power University,Computer Science,http://en.epu.edu.vn
Electric Power University,Electrical Engineering,http://en.epu.edu.vn
Electric Power University,Electronics and Telecommunications,http://en.epu.edu.vn
Electric Power University,Energy Management,http://en.epu.edu.vn
Electric Power University,Energy Technology,http://en.epu.edu.vn
Electric Power University,Information Technology,http://en.epu.edu.vn
Electric Power University,Mechanical Engineering,http://en.epu.edu.vn
Electric Power University,Renewable Energy Technology,http://en.epu.edu.vn
Electric Power University,Wind Energy,http://en.epu.edu.vn
FPT University,Artificial Intelligence,https://daihoc.fpt.edu.vn/
FPT University,Business Administration,https://daihoc.fpt.edu.vn/
FPT University,Computer Science,https://daihoc.fpt.edu.vn/
FPT University,English Language Studies,https://daihoc.fpt.edu.vn/
FPT University,Graphic Design,https://daihoc.fpt.edu.vn/
FPT University,Information Technology,https://daihoc.fpt.edu.vn/
FPT University,International Business,https://daihoc.fpt.edu.vn/
FPT University,Japanese Language Studies,https://daihoc.fpt.edu.vn/
FPT University,Marketing,https://daihoc.fpt.edu.vn/
FPT University,Master in AI and Data Science,https://daihoc.fpt.edu.vn/
FPT University,Master in Information Technology,https://daihoc.fpt.edu.vn/
FPT University,Master in Software Engineering,https://daihoc.fpt.edu.vn/
FPT University,Master of Business Administration (MBA),https://daihoc.fpt.edu.vn/
FPT University,Multimedia Communication,https://daihoc.fpt.edu.vn/
FPT University,Software Engineering,https://daihoc.fpt.edu.vn/
FPT University,Tourism & Hospitality Management,https://daihoc.fpt.edu.vn/
Foreign Trade University,Accounting,https://www.ftu.edu.vn/dao-tao/dao-tao-dai-hoc/chuong-trinh-dao-tao-dai-hoc/
Foreign Trade University,Business Administration,https://www.ftu.edu.vn/dao-tao/dao-tao-dai-hoc/chuong-trinh-dao-tao-dai-hoc/
Foreign Trade University,Business Administration (Master's),https://www.ftu.edu.vn/dao-tao/dao-tao-sau-dai-hoc/chuong-trinh-dao-tao-thac-si/
Foreign Trade University,Business English,https://www.ftu.edu.vn/dao-tao/dao-tao-dai-hoc/chuong-trinh-dao-tao-dai-hoc/
Foreign Trade University,Chinese Business,https://www.ftu.edu.vn/dao-tao/dao-tao-dai-hoc/chuong-trinh-dao-tao-dai-hoc/
Foreign Trade University,Digital Marketing,https://www.ftu.edu.vn/dao-tao/dao-tao-dai-hoc/chuong-trinh-dao-tao-dai-hoc/
Foreign Trade University,Economics,https://www.ftu.edu.vn/dao-tao/dao-tao-dai-hoc/chuong-trinh-dao-tao-dai-hoc/
Foreign Trade University,Economics (Master's),https://www.ftu.edu.vn/dao-tao/dao-tao-sau-dai-hoc/chuong-trinh-dao-tao-thac-si/
Foreign Trade University,Finance and Banking,https://www.ftu.edu.vn/dao-tao/dao-tao-dai-hoc/chuong-trinh-dao-tao-dai-hoc/
Foreign Trade University,Finance and Banking (Master's),https://www.ftu.edu.vn/dao-tao/dao-tao-sau-dai-hoc/chuong-trinh-dao-tao-thac-si/
Foreign Trade University,French Business,https://www.ftu.edu.vn/dao-tao/dao-tao-dai-hoc/chuong-trinh-dao-tao-dai-hoc/
Foreign Trade University,International Business,https://www.ftu.edu.vn/dao-tao/dao-tao-dai-hoc/chuong-trinh-dao-tao-dai-hoc/
Foreign Trade University,International Business (Master's),https://www.ftu.edu.vn/dao-tao/dao-tao-sau-dai-hoc/chuong-trinh-dao-tao-thac-si/
Foreign Trade University,International Business Economics,https://www.ftu.edu.vn/dao-tao/dao-tao-dai-hoc/chuong-trinh-dao-tao-dai-hoc/
Foreign Trade University,International Economics,https://www.ftu.edu.vn/dao-tao/dao-tao-dai-hoc/chuong-trinh-dao-tao-dai-hoc/
Foreign Trade University,International Law,https://www.ftu.edu.vn/dao-tao/dao-tao-dai-hoc/chuong-trinh-dao-tao-dai-hoc/
Foreign Trade University,International Trade Law (Master's),https://www.ftu.edu.vn/dao-tao/dao-tao-sau-dai-hoc/chuong-trinh-dao-tao-thac-si/
Foreign Trade University,Japanese Business,https://www.ftu.edu.vn/dao-tao/dao-tao-dai-hoc/chuong-trinh-dao-tao-dai-hoc/
Foreign Trade University,Logistics and Supply Chain Management,https://www.ftu.edu.vn/dao-tao/dao-tao-dai-hoc/chuong-trinh-dao-tao-dai-hoc/
Fulbright University Vietnam,Applied Mathematics,https://vertexaisearch.cloud.google.com/grounding-api-redirect/AUZIYQEYnLUIOhH8wlE1sD1IGVnsLRDIAle2RP500P0H3XSFTJQ9XeUJOaGEOMd1T4_jDvE_slnw9HkQ7BLMscH3uI20eIDIQebBAIQ37MwRzCl3jfA-D6mCSppW19ERP4USA4pAt2bhvxAmQzzD-CaGVbye
Fulbright University Vietnam,Art and Media Studies,https://vertexaisearch.cloud.google.com/grounding-api-redirect/AUZIYQEYnLUIOhH8wlE1sD1IGVnsLRDIAle2RP500P0H3XSFTJQ9XeUJOaGEOMd1T4_jDvE_slnw9HkQ7BLMscH3uI20eIDIQebBAIQ37MwRzCl3jfA-D6mCSppW19ERP4USA4pAt2bhvxAmQzzD-CaGVbye
Fulbright University Vietnam,Bachelor of Engineering,https://vertexaisearch.cloud.google.com/grounding-api-redirect/AUZIYQF8rZn3IHH508ODT9xf6fpCBN3TCl6bYLiUHn7y-ch3S7FI4xUC60x44RYa_MGnBohAFfJ3nUDwxMnGQ_UhEghcdGpW11I0UyddfaTZVdiSXt1tBzzJcC_iV1Q4PQI=
Fulbright University Vietnam,Computer Science,https://vertexaisearch.cloud.google.com/grounding-api-redirect/AUZIYQEYnLUIOhH8wlE1sD1IGVnsLRDIAle2RP500P0H3XSFTJQ9XeUJOaGEOMd1T4_jDvE_slnw9HkQ7BLMscH3uI20eIDIQebBAIQ37MwRzCl3jfA-D6mCSppW19ERP4USA4pAt2bhvxAmQzzD-CaGVbye
Fulbright University Vietnam,Economics,https://vertexaisearch.cloud.google.com/grounding-api-redirect/AUZIYQEYnLUIOhH8wlE1sD1IGVnsLRDIAle2RP500P0H3XSFTJQ9XeUJOaGEOMd1T4_jDvE_slnw9HkQ7BLMscH3uI20eIDIQebBAIQ37MwRzCl3jfA-D6mCSppW19ERP4USA4pAt2bhvxAmQzzD-CaGVbye
Fulbright University Vietnam,History,https://vertexaisearch.cloud.google.com/grounding-api-redirect/AUZIYQEYnLUIOhH8wlE1sD1IGVnsLRDIAle2RP500P0H3XSFTJQ9XeUJOaGEOMd1T4_jDvE_slnw9HkQ7BLMscH3uI20eIDIQebBAIQ37MwRzCl3jfA-D6mCSppW19ERP4USA4pAt2bhvxAmQzzD-CaGVbye
Fulbright University Vietnam,Human-Centered Engineering,https://vertexaisearch.cloud.google.com/grounding-api-redirect/AUZIYQEYnLUIOhH8wlE1sD1IGVnsLRDIAle2RP500P0H3XSFTJQ9XeUJOaGEOMd1T4_jDvE_slnw9HkQ7BLMscH3uI20eIDIQebBAIQ37MwRzCl3jfA-D6mCSppW19ERP4USA4pAt2bhvxAmQzzD-CaGVbye
Fulbright University Vietnam,Integrated Sciences,https://vertexaisearch.cloud.google.com/grounding-api-redirect/AUZIYQEYnLUIOhH8wlE1sD1IGVnsLRDIAle2RP500P0H3XSFTJQ9XeUJOaGEOMd1T4_jDvE_slnw9HkQ7BLMscH3uI20eIDIQebBAIQ37MwRzCl3jfA-D6mCSppW19ERP4USA4pAt2bhvxAmQzzD-CaGVbye
Fulbright University Vietnam,Literature,https://vertexaisearch.cloud.google.com/grounding-api-redirect/AUZIYQEYnLUIOhH8wlE1sD1IGVnsLRDIAle2RP500P0H3XSFTJQ9XeUJOaGEOMd1T4_jDvE_slnw9HkQ7BLMscH3uI20eIDIQebBAIQ37MwRzCl3jfA-D6mCSppW19ERP4USA4pAt2bhvxAmQzzD-CaGVbye
Fulbright University Vietnam,Master in Public Policy (Leadership & Management),https://vertexaisearch.cloud.google.com/grounding-api-redirect/AUZIYQEkBUFe3b_nSRT4A5R0aZ0VtvbNhz86cZFDiUjIn5kpokl5vAD-revbzBuPzRQJsrP2FkYRmZssrlPMOmCajg_WZ2gURw_X275lwD6t7xWzZDcGjgoBI96yDXFPisMl_MgDijPJQQ==
Fulbright University Vietnam,Master in Public Policy (Policy Analysis),https://vertexaisearch.cloud.google.com/grounding-api-redirect/AUZIYQEkBUFe3b_nSRT4A5R0aZ0VtvbNhz86cZFDiUjIn5kpokl5vAD-revbzBuPzRQJsrP2FkYRmZssrlPMOmCajg_WZ2gURw_X275lwD6t7xWzZDcGjgoBI96yDXFPisMl_MgDijPJQQ==
Fulbright University Vietnam,Psychology,https://vertexaisearch.cloud.google.com/grounding-api-redirect/AUZIYQEYnLUIOhH8wlE1sD1IGVnsLRDIAle2RP500P0H3XSFTJQ9XeUJOaGEOMd1T4_jDvE_slnw9HkQ7BLMscH3uI20eIDIQebBAIQ37MwRzCl3jfA-D6mCSppW19ERP4USA4pAt2bhvxAmQzzD-CaGVbye
Fulbright University Vietnam,Social Studies,https://vertexaisearch.cloud.google.com/grounding-api-redirect/AUZIYQEYnLUIOhH8wlE1sD1IGVnsLRDIAle2RP500P0H3XSFTJQ9XeUJOaGEOMd1T4_jDvE_slnw9HkQ7BLMscH3uI20eIDIQebBAIQ37MwRzCl3jfA-D6mCSppW19ERP4USA4pAt2bhvxAmQzzD-CaGVbye
Fulbright University Vietnam,Vietnam Studies,https://vertexaisearch.cloud.google.com/grounding-api-redirect/AUZIYQFMJGFmzWKSvjPFATi6Epfuoia6AClrw2K0PUApc8Yl5p3uRJYGuft4y_Bi6gN9lmpmql7jAOkkhlt10m3Jg_gYwU-bW3HrTVKGRGKKOTtpqz4xv4AMI66fFLHXOuJa3ZBqXpc2e_RYX6FJ
Haiphong University,Accounting,https://dhhp.edu.vn/
Haiphong University,Architecture,https://dhhp.edu.vn/
Haiphong University,Auditing,https://dhhp.edu.vn/
Haiphong University,Biology,https://dhhp.edu.vn/
Haiphong University,Biology Education,https://dhhp.edu.vn/
Haiphong University,Business Administration,https://dhhp.edu.vn/
Haiphong University,Chemistry,https://dhhp.edu.vn/
Haiphong University,Chemistry Education,https://dhhp.edu.vn/
Haiphong University,Chinese Language,https://dhhp.edu.vn/
Haiphong University,Civil Engineering,https://dhhp.edu.vn/
Haiphong University,Computer Science,https://dhhp.edu.vn/
Haiphong University,Construction Management,https://dhhp.edu.vn/
Haiphong University,Cultural Studies,https://dhhp.edu.vn/
Haiphong University,Cyber Security,https://dhhp.edu.vn/
Haiphong University,E-commerce,https://dhhp.edu.vn/
Haiphong University,Early Childhood Development,https://dhhp.edu.vn/
Haiphong University,Economics,https://dhhp.edu.vn/
Haiphong University,Educational Management,https://dhhp.edu.vn/
Haiphong University,Educational Psychology,https://dhhp.edu.vn/
Haiphong University,Electrical Engineering,https://dhhp.edu.vn/
Haiphong University,English Language,https://dhhp.edu.vn/
Haiphong University,Environmental Engineering,https://dhhp.edu.vn/
Haiphong University,Finance and Banking,https://dhhp.edu.vn/
Haiphong University,Geography Education,https://dhhp.edu.vn/
Haiphong University,History Education,https://dhhp.edu.vn/
Haiphong University,Information Systems,https://dhhp.edu.vn/
Haiphong University,International Business,https://dhhp.edu.vn/
Haiphong University,International Relations,https://dhhp.edu.vn/
Haiphong University,Japanese Language,https://dhhp.edu.vn/
Haiphong University,Korean Language,https://dhhp.edu.vn/
Haiphong University,Literature Education,https://dhhp.edu.vn/
Haiphong University,Marketing,https://dhhp.edu.vn/
Haiphong University,Mathematics,https://dhhp.edu.vn/
Haiphong University,Mathematics Education,https://dhhp.edu.vn/
Haiphong University,Mechanical Engineering,https://dhhp.edu.vn/
Haiphong University,Music Education,https://dhhp.edu.vn/
Haiphong University,Physical Education and Sports,https://dhhp.edu.vn/
Haiphong University,Physics,https://dhhp.edu.vn/
Haiphong University,Physics Education,https://dhhp.edu.vn/
Haiphong University,Political Education,https://dhhp.edu.vn/
Haiphong University,Political Science,https://dhhp.edu.vn/
Haiphong University,Preschool Education,https://dhhp.edu.vn/
Haiphong University,Primary Education,https://dhhp.edu.vn/
Haiphong University,Psychology,https://dhhp.edu.vn/
Haiphong University,Public Administration,https://dhhp.edu.vn/
Haiphong University,Social Work,https://dhhp.edu.vn/
Haiphong University,Sociology,https://dhhp.edu.vn/
Haiphong University,Software Engineering,https://dhhp.edu.vn/
Haiphong University,Special Education,https://dhhp.edu.vn/
Haiphong University,Tourism and Hospitality Management,https://dhhp.edu.vn/
Haiphong University,Vietnamese Studies,https://dhhp.edu.vn/
Hanoi Architectural University,Architecture,https://hau.edu.vn/
Hanoi Architectural University,Civil Engineering,https://hau.edu.vn/
Hanoi Architectural University,Fashion Design,https://hau.edu.vn/
Hanoi Architectural University,Graphic Design,https://hau.edu.vn/
Hanoi Architectural University,Information Technology,https://hau.edu.vn/
Hanoi Architectural University,Interior Design,https://hau.edu.vn/
Hanoi Architectural University,Multimedia,https://hau.edu.vn/
Hanoi Architectural University,Sculpture,https://hau.edu.vn/
Hanoi Architectural University,Urban Management,https://hau.edu.vn/
Hanoi Architectural University,Urban and Regional Planning,https://www.khoaquyhoach.hau.edu.vn/
Hanoi Medical University,Dentistry,https://hmu.edu.vn/
Hanoi Medical University,General Medicine,https://hmu.edu.vn/
Hanoi Medical University,Master of Internal Medicine,https://hmu.edu.vn/
Hanoi Medical University,Master of Nursing,https://hmu.edu.vn/
Hanoi Medical University,Master of Pediatrics,https://hmu.edu.vn/
Hanoi Medical University,Master of Pharmacy,https://hmu.edu.vn/
Hanoi Medical University,Master of Public Health,https://hmu.edu.vn/
Hanoi Medical University,Master of Surgery,https://hmu.edu.vn/
Hanoi Medical University,Master of Traditional Medicine,https://hmu.edu.vn/
Hanoi Medical University,Medical Imaging Engineering,https://hmu.edu.vn/
Hanoi Medical University,Medical Technology,https://hmu.edu.vn/
Hanoi Medical University,Midwifery,https://hmu.edu.vn/
Hanoi Medical University,Nursing,https://hmu.edu.vn/
Hanoi Medical University,Nutrition,https://hmu.edu.vn/
Hanoi Medical University,Ophthalmology,https://hmu.edu.vn/
Hanoi Medical University,Preventive Medicine,https://hmu.edu.vn/
Hanoi Medical University,Psychology,https://hmu.edu.vn/
Hanoi Medical University,Public Health,https://hmu.edu.vn/
Hanoi Medical University,Rehabilitation,https://hmu.edu.vn/
Hanoi Medical University,Social Work,https://hmu.edu.vn/
Hanoi Medical University,Traditional Medicine,https://hmu.edu.vn/
Hanoi National University of Education,Arts,https://english.hnue.edu.vn/
Hanoi National University of Education,Biology,https://english.hnue.edu.vn/
Hanoi National University of Education,Chemistry,https://english.hnue.edu.vn/
Hanoi National University of Education,Chinese Language,https://english.hnue.edu.vn/
Hanoi National University of Education,Early Childhood Education,https://english.hnue.edu.vn/
Hanoi National University of Education,Education Management,https://english.hnue.edu.vn/
Hanoi National University of Education,English Language,https://english.hnue.edu.vn/
Hanoi National University of Education,French Language,https://english.hnue.edu.vn/
Hanoi National University of Education,Geography,https://english.hnue.edu.vn/
Hanoi National University of Education,History,https://english.hnue.edu.vn/
Hanoi National University of Education,Information Technology,https://english.hnue.edu.vn/
Hanoi National University of Education,Linguistics and Literature,https://english.hnue.edu.vn/
Hanoi National University of Education,Mathematics,https://english.hnue.edu.vn/
Hanoi National University of Education,National Defense Education,https://english.hnue.edu.vn/
Hanoi National University of Education,Philosophy,https://english.hnue.edu.vn/
Hanoi National University of Education,Physical Education,https://english.hnue.edu.vn/
Hanoi National University of Education,Physics,https://english.hnue.edu.vn/
Hanoi National University of Education,Political Education,https://english.hnue.edu.vn/
Hanoi National University of Education,Primary Education,https://english.hnue.edu.vn/
Hanoi National University of Education,Psychology & Pedagogy,https://english.hnue.edu.vn/
Hanoi National University of Education,Russian Language,https://english.hnue.edu.vn/
Hanoi National University of Education,Social Work,https://english.hnue.edu.vn/
Hanoi National University of Education,Special Education,https://english.hnue.edu.vn/
Hanoi National University of Education,Technology Education,https://english.hnue.edu.vn/
Hanoi National University of Education,Vietnam Studies,https://english.hnue.edu.vn/
Hanoi National University of Education,Vietnamese Studies,https://english.hnue.edu.vn/
Hanoi University,Accounting,https://www.hanu.edu.vn/
Hanoi University,Business Administration,https://www.hanu.edu.vn/
Hanoi University,Chinese Language,https://www.hanu.edu.vn/
Hanoi University,Computer Science,https://www.hanu.edu.vn/
Hanoi University,English Language,https://www.hanu.edu.vn/
Hanoi University,Finance and Banking,https://www.hanu.edu.vn/
Hanoi University,Financial Technology,https://www.hanu.edu.vn/
Hanoi University,French Language,https://www.hanu.edu.vn/
Hanoi University,French Studies,https://saudaihoc.hanu.vn/
Hanoi University,German Language,https://www.hanu.edu.vn/
Hanoi University,International Studies,https://www.hanu.edu.vn/
Hanoi University,Italian Language,https://www.hanu.edu.vn/
Hanoi University,Japanese Language,https://www.hanu.edu.vn/
Hanoi University,Korean Language,https://www.hanu.edu.vn/
Hanoi University,Marketing,https://www.hanu.edu.vn/
Hanoi University,Portuguese Language,https://www.hanu.edu.vn/
Hanoi University,Russian Language,https://www.hanu.edu.vn/
Hanoi University,Spanish Language,https://www.hanu.edu.vn/
Hanoi University,Tourism Management,https://www.hanu.edu.vn/
Hanoi University,Vietnamese Studies,https://saudaihoc.hanu.vn/
Hanoi University of Industry,Accounting,https://www.haui.edu.vn/vn/dao-tao/nganh-dao-tao/
Hanoi University of Industry,Accounting (English-taught program),https://www.haui.edu.vn/vn/dao-tao/nganh-dao-tao/ke-toan-ctdt-bang-tieng-anh/
Hanoi University of Industry,Accounting (Master's),https://www.haui.edu.vn/vn/dao-tao/nganh-dao-tao/
Hanoi University of Industry,Accounting (Ph.D.),https://www.haui.edu.vn/vn/dao-tao/nganh-dao-tao/
Hanoi University of Industry,Auditing,https://www.haui.edu.vn/vn/dao-tao/nganh-dao-tao/
Hanoi University of Industry,Automation and Control Engineering Technology,https://www.haui.edu.vn/vn/dao-tao/nganh-dao-tao/
Hanoi University of Industry,Automobile Engineering Technology,https://www.haui.edu.vn/vn/dao-tao/nganh-dao-tao/
Hanoi University of Industry,Automotive Engineering (Master's),https://www.haui.edu.vn/vn/dao-tao/nganh-dao-tao/
Hanoi University of Industry,Automotive Mechatronics Engineering Technology,https://www.haui.edu.vn/vn/dao-tao/nganh-dao-tao/
Hanoi University of Industry,Automotive and New Energy Engineering,https://www.haui.edu.vn/vn/dao-tao/nganh-dao-tao/ky-thuat-o-to-va-nang-luong-moi/
Hanoi University of Industry,Biotechnology,https://www.haui.edu.vn/vn/dao-tao/nganh-dao-tao/cong-nghe-sinh-hoc/
Hanoi University of Industry,Business Administration,https://www.haui.edu.vn/vn/dao-tao/nganh-dao-tao/
Hanoi University of Industry,Business Administration (Master's),https://www.haui.edu.vn/vn/dao-tao/nganh-dao-tao/
Hanoi University of Industry,Business Administration (Ph.D.),https://www.haui.edu.vn/vn/dao-tao/nganh-dao-tao/
Hanoi University of Industry,Business Administration (in cooperation with York St. John University – United Kingdom),https://www.haui.edu.vn/vn/dao-tao/nganh-dao-tao/
Hanoi University of Industry,Business Administration in English,https://www.haui.edu.vn/vn/dao-tao/nganh-dao-tao/
Hanoi University of Industry,Business Data Analytics,https://www.haui.edu.vn/vn/dao-tao/nganh-dao-tao/
Hanoi University of Industry,Chemical Engineering (Master's),https://www.haui.edu.vn/vn/dao-tao/nganh-dao-tao/
Hanoi University of Industry,Chemical Engineering (Ph.D.),https://www.haui.edu.vn/vn/dao-tao/nganh-dao-tao/
Hanoi University of Industry,"Chemical Engineering Technology (Majors in Chemical Engineering, and Petroleum Engineering)",https://www.haui.edu.vn/vn/dao-tao/nganh-dao-tao/
Hanoi University of Industry,Chinese Linguistics,https://www.haui.edu.vn/vn/dao-tao/nganh-dao-tao/
Hanoi University of Industry,Chinese Linguistics (2+2 joint training program),https://www.haui.edu.vn/vn/dao-tao/nganh-dao-tao/
Hanoi University of Industry,Chinese Linguistics (Master's),https://www.haui.edu.vn/vn/dao-tao/nganh-dao-tao/
Hanoi University of Industry,Chinese Linguistics (Ph.D.),https://www.haui.edu.vn/vn/dao-tao/nganh-dao-tao/
Hanoi University of Industry,Chinese Studies,https://www.haui.edu.vn/vn/dao-tao/nganh-dao-tao/
Hanoi University of Industry,Communications and Computer Networks,https://www.haui.edu.vn/vn/dao-tao/nganh-dao-tao/
Hanoi University of Industry,Computer Engineering Technology,https://www.haui.edu.vn/vn/dao-tao/nganh-dao-tao/
Hanoi University of Industry,Computer Science,https://www.haui.edu.vn/vn/dao-tao/nganh-dao-tao/
Hanoi University of Industry,Computer Science (English-taught program),https://www.haui.edu.vn/vn/dao-tao/nganh-dao-tao/khoa-hoc-may-tinh-ctdt-bang-tieng-anh/
Hanoi University of Industry,Computer Science (in cooperation with University of Frostburg – The United States of America),https://www.haui.edu.vn/vn/dao-tao/nganh-dao-tao/
Hanoi University of Industry,Electrical Engineering (Master's),https://www.haui.edu.vn/vn/dao-tao/nganh-dao-tao/
Hanoi University of Industry,Electrical Engineering (Ph.D.),https://www.haui.edu.vn/vn/dao-tao/nganh-dao-tao/
Hanoi University of Industry,Electrical and Electronic Engineering Technology (major in Electrical Engineering),https://www.haui.edu.vn/vn/dao-tao/nganh-dao-tao/
Hanoi University of Industry,Electronic Engineering (Master's),https://www.haui.edu.vn/vn/dao-tao/nganh-dao-tao/
Hanoi University of Industry,Electronics and Communication Engineering Technology (Major in Electronic Engineering),https://www.haui.edu.vn/vn/dao-tao/nganh-dao-tao/
Hanoi University of Industry,English Linguistics,https://www.haui.edu.vn/vn/dao-tao/nganh-dao-tao/
Hanoi University of Industry,English Linguistics (Master's),https://www.haui.edu.vn/vn/dao-tao/nganh-dao-tao/
Hanoi University of Industry,English Linguistics (Ph.D.),https://www.haui.edu.vn/vn/dao-tao/nganh-dao-tao/
Hanoi University of Industry,Environmental Engineering Technology,https://www.haui.edu.vn/vn/dao-tao/nganh-dao-tao/
Hanoi University of Industry,Fashion Design,https://www.haui.edu.vn/vn/dao-tao/nganh-dao-tao/
Hanoi University of Industry,Finance - Banking (Master's),https://www.haui.edu.vn/vn/dao-tao/nganh-dao-tao/
Hanoi University of Industry,Finance and Banking,https://www.haui.edu.vn/vn/dao-tao/nganh-dao-tao/
Hanoi University of Industry,Garment Technology,https://www.haui.edu.vn/vn/dao-tao/nganh-dao-tao/
Hanoi University of Industry,Heating Engineering Technology (major in Heating and Refrigeration Engineering),https://www.haui.edu.vn/vn/dao-tao/nganh-dao-tao/
Hanoi University of Industry,Hospitality Management,https://www.haui.edu.vn/vn/dao-tao/nganh-dao-tao/
Hanoi University of Industry,Hospitality Management (English-taught Bachelor's Program),https://www.haui.edu.vn/vn/dao-tao/nganh-dao-tao/
Hanoi University of Industry,Human Resource Management,https://www.haui.edu.vn/vn/dao-tao/nganh-dao-tao/
Hanoi University of Industry,Industrial & Systems Engineering,https://www.haui.edu.vn/vn/dao-tao/nganh-dao-tao/
Hanoi University of Industry,Industrial Design Engineering,https://www.haui.edu.vn/vn/dao-tao/nganh-dao-tao/
Hanoi University of Industry,Information Security,https://www.haui.edu.vn/vn/dao-tao/nganh-dao-tao/an-toan-thong-tin/
Hanoi University of Industry,Information System (Master's),https://www.haui.edu.vn/vn/dao-tao/nganh-dao-tao/
Hanoi University of Industry,Information System (Ph.D.),https://www.haui.edu.vn/vn/dao-tao/nganh-dao-tao/
Hanoi University of Industry,Information Systems,https://www.haui.edu.vn/vn/dao-tao/nganh-dao-tao/he-thong-thong-tin/
Hanoi University of Industry,Information Technology,https://www.haui.edu.vn/vn/dao-tao/nganh-dao-tao/cong-nghe-thong-tin/
Hanoi University of Industry,Information Technology (English-taught program),https://www.haui.edu.vn/vn/dao-tao/nganh-dao-tao/cong-nghe-thong-tin-ctdt-bang-tieng-anh/
Hanoi University of Industry,Intelligent Manufacturing Engineering,https://www.haui.edu.vn/vn/dao-tao/nganh-dao-tao/
Hanoi University of Industry,Investment Economics,https://www.haui.edu.vn/vn/dao-tao/nganh-dao-tao/
Hanoi University of Industry,Japanese Linguistics,https://www.haui.edu.vn/vn/dao-tao/nganh-dao-tao/
Hanoi University of Industry,Korean Linguistics,https://www.haui.edu.vn/vn/dao-tao/nganh-dao-tao/
Hanoi University of Industry,Linguistics,https://www.haui.edu.vn/vn/dao-tao/nganh-dao-tao/
Hanoi University of Industry,Marketing,https://www.haui.edu.vn/vn/dao-tao/nganh-dao-tao/
Hanoi University of Industry,Mechanical Automotive Engineering (Ph.D.),https://www.haui.edu.vn/vn/dao-tao/nganh-dao-tao/
Hanoi University of Industry,Mechanical Engineering (Master's),https://www.haui.edu.vn/vn/dao-tao/nganh-dao-tao/
Hanoi University of Industry,Mechanical Engineering (Ph.D.),https://www.haui.edu.vn/vn/dao-tao/nganh-dao-tao/
Hanoi University of Industry,Mechanical Engineering Technology,https://www.haui.edu.vn/vn/dao-tao/nganh-dao-tao/
Hanoi University of Industry,Mechatronic Engineering Technology,https://www.haui.edu.vn/vn/dao-tao/nganh-dao-tao/
Hanoi University of Industry,Mechatronics Engineering (Master's),https://www.haui.edu.vn/vn/dao-tao/nganh-dao-tao/
Hanoi University of Industry,Mechatronics Engineering (Ph.D.),https://www.haui.edu.vn/vn/dao-tao/nganh-dao-tao/
Hanoi University of Industry,Mold and Die Engineering Technology,https://www.haui.edu.vn/vn/dao-tao/nganh-dao-tao/
Hanoi University of Industry,Multimedia Technology,https://www.haui.edu.vn/vn/dao-tao/nganh-dao-tao/cong-nghe-da-phuong-tien/
Hanoi University of Industry,Office Administration,https://www.haui.edu.vn/vn/dao-tao/nganh-dao-tao/
Hanoi University of Industry,Restaurant and Food Service Management,https://www.haui.edu.vn/vn/dao-tao/nganh-dao-tao/
Hanoi University of Industry,Restaurant and Food Service Management (English-taught Bachelor's Program),https://www.haui.edu.vn/vn/dao-tao/nganh-dao-tao/
Hanoi University of Industry,Robot and Artificial Intelligence (AI),https://www.haui.edu.vn/vn/dao-tao/nganh-dao-tao/tri-tue-nhan-tao/
Hanoi University of Industry,Software Engineering,https://www.haui.edu.vn/vn/dao-tao/nganh-dao-tao/ky-thuat-phan-mem/
Hanoi University of Industry,Textile and Garment Technology (Master's),https://www.haui.edu.vn/vn/dao-tao/nganh-dao-tao/
Hanoi University of Industry,Textile and Garment Technology (Ph.D.),https://www.haui.edu.vn/vn/dao-tao/nganh-dao-tao/
Hanoi University of Industry,Tourism,https://www.haui.edu.vn/vn/dao-tao/nganh-dao-tao/
Hanoi University of Industry,Tourism (English-taught Bachelor's Program),https://www.haui.edu.vn/vn/dao-tao/nganh-dao-tao/
Hanoi University of Industry,Tourism Business Administration,https://www.haui.edu.vn/vn/dao-tao/nganh-dao-tao/
Hanoi University of Industry,Travel and Tourism Management,https://www.haui.edu.vn/vn/dao-tao/nganh-dao-tao/
Hanoi University of Industry,Travel and Tourism Management (English-taught Bachelor's Program),https://www.haui.edu.vn/vn/dao-tao/nganh-dao-tao/
Hanoi University of Industry,Travel and Tourism Management (Master's),https://www.haui.edu.vn/vn/dao-tao/nganh-dao-tao/
Hanoi University of Industry,Vietnamese Studies (Major in Tour Guiding),https://www.haui.edu.vn/vn/dao-tao/nganh-dao-tao/
Hanoi University of Mining and Geology,Construction,http://en.humg.edu.vn/
Hanoi University of Mining and Geology,Economics and Business Administration,http://en.humg.edu.vn/
Hanoi University of Mining and Geology,Electromechanics,http://en.humg.edu.vn/
Hanoi University of Mining and Geology,Environment,http://en.humg.edu.vn/
Hanoi University of Mining and Geology,Geology,http://en.humg.edu.vn/
Hanoi University of Mining and Geology,Information Technology,http://en.humg.edu.vn/
Hanoi University of Mining and Geology,Mining Engineering,http://en.humg.edu.vn/
Hanoi University of Mining and Geology,Oil and Gas,http://en.humg.edu.vn/
Hanoi University of Mining and Geology,Surveying and Mapping,http://en.humg.edu.vn/
Hanoi University of Pharmacy,Biotechnology,https://hup.edu.vn/en
Hanoi University of Pharmacy,Chemistry,https://hup.edu.vn/en
Hanoi University of Pharmacy,Clinical Pharmacology,https://hup.edu.vn/en
Hanoi University of Pharmacy,Clinical Pharmacy,https://hup.edu.vn/en
Hanoi University of Pharmacy,Drug Quality Control and Toxicology,https://hup.edu.vn/en
Hanoi University of Pharmacy,Organization and Management of Pharmaceutical Activities,https://hup.edu.vn/en
Hanoi University of Pharmacy,Pharmaceutical Chemistry,https://hup.edu.vn/en
Hanoi University of Pharmacy,Pharmaceutical Industry,https://hup.edu.vn/en
Hanoi University of Pharmacy,Pharmaceutical Sciences,https://hup.edu.vn/en
Hanoi University of Pharmacy,Pharmaceutical Technology / Biochemistry,https://hup.edu.vn/en
Hanoi University of Pharmacy,Pharmaceutical Technology / Chemical Engineering,https://hup.edu.vn/en
Hanoi University of Pharmacy,Pharmaceutical Technology / Chemistry,https://hup.edu.vn/en
Hanoi University of Pharmacy,Pharmacoeconomics and Management,https://hup.edu.vn/en
Hanoi University of Pharmacy,Pharmacognosy and Traditional Pharmacology,https://hup.edu.vn/en
Hanoi University of Pharmacy,Pharmacology,https://hup.edu.vn/en
Hanoi University of Pharmacy,Pharmacy,https://hup.edu.vn/en/education-training/undergraduate-programme-in-pharmacy
Hanoi University of Public Health,Data Science,https://huph.edu.vn/
Hanoi University of Public Health,Master of Applied Public Health,https://huph.edu.vn/
Hanoi University of Public Health,Master of Public Health,https://huph.edu.vn/
Hanoi University of Public Health,Master of Science in Public Health,https://huph.edu.vn/
Hanoi University of Public Health,Medical Laboratory Technology,https://huph.edu.vn/
Hanoi University of Public Health,Nutrition,https://huph.edu.vn/
Hanoi University of Public Health,Public Health,https://huph.edu.vn/
Hanoi University of Public Health,Rehabilitation and Functional Restoration Technology,https://huph.edu.vn/
Hanoi University of Public Health,Social Work,https://huph.edu.vn/
Hanoi University of Science and Technology,Advanced Materials Science and Nanotechnology,https://en.hust.edu.vn/academics/undergraduate-programs/
Hanoi University of Science and Technology,Aeronautical Engineering,https://en.hust.edu.vn/academics/undergraduate-programs/
Hanoi University of Science and Technology,Applied Environmental Sciences,https://en.hust.edu.vn/academics/undergraduate-programs/
Hanoi University of Science and Technology,Applied Mathematics,https://en.hust.edu.vn/academics/undergraduate-programs/
Hanoi University of Science and Technology,Automotive Engineering,https://en.hust.edu.vn/academics/undergraduate-programs/
Hanoi University of Science and Technology,Biotechnology,https://en.hust.edu.vn/academics/undergraduate-programs/
Hanoi University of Science and Technology,Chemical Engineering,https://en.hust.edu.vn/academics/undergraduate-programs/
Hanoi University of Science and Technology,Computer Engineering,https://en.hust.edu.vn/academics/undergraduate-programs/
Hanoi University of Science and Technology,Computer Science,https://en.hust.edu.vn/academics/undergraduate-programs/
Hanoi University of Science and Technology,Cyber Security,https://en.hust.edu.vn/academics/undergraduate-programs/
Hanoi University of Science and Technology,Data Science,https://en.hust.edu.vn/academics/undergraduate-programs/
Hanoi University of Science and Technology,Economics and Management,https://en.hust.edu.vn/academics/undergraduate-programs/
Hanoi University of Science and Technology,Electrical Engineering,https://en.hust.edu.vn/academics/undergraduate-programs/
Hanoi University of Science and Technology,Electronics and Telecommunications Engineering,https://en.hust.edu.vn/academics/undergraduate-programs/
Hanoi University of Science and Technology,Engineering Physics,https://en.hust.edu.vn/academics/undergraduate-programs/
Hanoi University of Science and Technology,Environmental Science and Technology,https://en.hust.edu.vn/academics/undergraduate-programs/
Hanoi University of Science and Technology,Food Science and Technology,https://en.hust.edu.vn/academics/undergraduate-programs/
Hanoi University of Science and Technology,Information and Communication Technology,https://en.hust.edu.vn/academics/undergraduate-programs/
Hanoi University of Science and Technology,Material Science and Engineering,https://en.hust.edu.vn/academics/undergraduate-programs/
Hanoi University of Science and Technology,Mathematics and Informatics,https://en.hust.edu.vn/academics/undergraduate-programs/
Hanoi University of Science and Technology,Mechanical Engineering,https://en.hust.edu.vn/academics/undergraduate-programs/
Hanoi University of Science and Technology,Mechatronics Engineering,https://en.hust.edu.vn/academics/undergraduate-programs/
Hanoi University of Science and Technology,Medical Science and Technology,https://en.hust.edu.vn/academics/undergraduate-programs/
Hanoi University of Science and Technology,Pharmacy,https://en.hust.edu.vn/academics/undergraduate-programs/
Hanoi University of Science and Technology,Semiconductor and IC Technology,https://en.hust.edu.vn/academics/undergraduate-programs/
Hanoi University of Science and Technology,Space Science and Satellite Technology,https://en.hust.edu.vn/academics/undergraduate-programs/
Hanoi University of Science and Technology,Transport Mechanical Engineering,https://en.hust.edu.vn/academics/undergraduate-programs/
Ho Chi Minh City International University,Automation and Control Engineering,https://www.hcmiu.edu.vn/
Ho Chi Minh City International University,Biochemistry,https://www.hcmiu.edu.vn/
Ho Chi Minh City International University,Biomedical Engineering,https://www.hcmiu.edu.vn/
Ho Chi Minh City International University,Biotechnology,https://www.hcmiu.edu.vn/
Ho Chi Minh City International University,Business Administration,https://www.hcmiu.edu.vn/
Ho Chi Minh City International University,Civil Engineering,https://www.hcmiu.edu.vn/
Ho Chi Minh City International University,Computer Engineering,https://www.hcmiu.edu.vn/
Ho Chi Minh City International University,Computer Science,https://www.hcmiu.edu.vn/
Ho Chi Minh City International University,Data Science,https://www.hcmiu.edu.vn/
Ho Chi Minh City International University,Electrical Engineering,https://www.hcmiu.edu.vn/
Ho Chi Minh City International University,English Linguistics and Literature,https://www.hcmiu.edu.vn/
Ho Chi Minh City International University,Environmental Engineering,https://www.hcmiu.edu.vn/
Ho Chi Minh City International University,Finance and Banking,https://www.hcmiu.edu.vn/
Ho Chi Minh City International University,Financial Engineering and Risk Management,https://www.hcmiu.edu.vn/
Ho Chi Minh City International University,Food Technology,https://www.hcmiu.edu.vn/
Ho Chi Minh City International University,Industrial Systems Engineering,https://www.hcmiu.edu.vn/
Ho Chi Minh City International University,Information Technology,https://www.hcmiu.edu.vn/
Ho Chi Minh City International University,Logistics and Supply Chain Management,https://www.hcmiu.edu.vn/
Ho Chi Minh City International University,Master of Biomedical Engineering,https://www.hcmiu.edu.vn/
Ho Chi Minh City International University,Master of Business Administration,https://www.hcmiu.edu.vn/
Ho Chi Minh City International University,Master of Engineering in Industrial and Systems Engineering,https://www.hcmiu.edu.vn/
Ho Chi Minh City International University,Master of Public Management,https://www.hcmiu.edu.vn/
Ho Chi Minh City International University,Master of Science in Biotechnology,https://www.hcmiu.edu.vn/
Ho Chi Minh City International University,Network Engineering,https://www.hcmiu.edu.vn/
Ho Chi Minh City International University,Space Engineering,https://www.hcmiu.edu.vn/
Ho Chi Minh City University of Agriculture and Forestry,Accounting,https://www.hcmuaf.edu.vn/en/dao-tao/cac-nganh-dao-tao
Ho Chi Minh City University of Agriculture and Forestry,Agricultural Economics,https://www.hcmuaf.edu.vn/en/dao-tao/cac-nganh-dao-tao
Ho Chi Minh City University of Agriculture and Forestry,Agricultural Engineering,https://www.hcmuaf.edu.vn/en/dao-tao/cac-nganh-dao-tao
Ho Chi Minh City University of Agriculture and Forestry,Agricultural Market and Price Analysis,https://www.hcmuaf.edu.vn/en/dao-tao/cac-nganh-dao-tao
Ho Chi Minh City University of Agriculture and Forestry,Agricultural Policy,https://www.hcmuaf.edu.vn/en/dao-tao/cac-nganh-dao-tao
Ho Chi Minh City University of Agriculture and Forestry,Agronomy,https://www.hcmuaf.edu.vn/en/dao-tao/cac-nganh-dao-tao
Ho Chi Minh City University of Agriculture and Forestry,Animal Sciences,https://www.hcmuaf.edu.vn/en/dao-tao/cac-nganh-dao-tao
Ho Chi Minh City University of Agriculture and Forestry,Aquaculture,https://www.hcmuaf.edu.vn/en/dao-tao/cac-nganh-dao-tao
Ho Chi Minh City University of Agriculture and Forestry,Biological Technology,https://www.hcmuaf.edu.vn/en/dao-tao/cac-nganh-dao-tao
Ho Chi Minh City University of Agriculture and Forestry,Business Administration,https://www.hcmuaf.edu.vn/en/dao-tao/cac-nganh-dao-tao
Ho Chi Minh City University of Agriculture and Forestry,Chemical Engineering,https://www.hcmuaf.edu.vn/en/dao-tao/cac-nganh-dao-tao
Ho Chi Minh City University of Agriculture and Forestry,Economics,https://www.hcmuaf.edu.vn/en/dao-tao/cac-nganh-dao-tao
Ho Chi Minh City University of Agriculture and Forestry,Environmental Science,https://www.hcmuaf.edu.vn/en/dao-tao/cac-nganh-dao-tao
Ho Chi Minh City University of Agriculture and Forestry,Environmental and Natural Resource Economics,https://www.hcmuaf.edu.vn/en/dao-tao/cac-nganh-dao-tao
Ho Chi Minh City University of Agriculture and Forestry,Finance and Banking,https://www.hcmuaf.edu.vn/en/dao-tao/cac-nganh-dao-tao
Ho Chi Minh City University of Agriculture and Forestry,Fisheries,https://www.hcmuaf.edu.vn/en/dao-tao/cac-nganh-dao-tao
Ho Chi Minh City University of Agriculture and Forestry,Food Science and Technology,https://www.hcmuaf.edu.vn/en/dao-tao/cac-nganh-dao-tao
Ho Chi Minh City University of Agriculture and Forestry,Food Technology,https://www.hcmuaf.edu.vn/en/dao-tao/cac-nganh-dao-tao
Ho Chi Minh City University of Agriculture and Forestry,Foreign Languages,https://www.hcmuaf.edu.vn/en/dao-tao/cac-nganh-dao-tao
Ho Chi Minh City University of Agriculture and Forestry,Forestry,https://www.hcmuaf.edu.vn/en/dao-tao/cac-nganh-dao-tao
Ho Chi Minh City University of Agriculture and Forestry,Horticulture and Landscape Architecture,https://www.hcmuaf.edu.vn/en/dao-tao/cac-nganh-dao-tao
Ho Chi Minh City University of Agriculture and Forestry,Information Technology,https://www.hcmuaf.edu.vn/en/dao-tao/cac-nganh-dao-tao
Ho Chi Minh City University of Agriculture and Forestry,Land and Real Estate Management,https://www.hcmuaf.edu.vn/en/dao-tao/cac-nganh-dao-tao
Ho Chi Minh City University of Agriculture and Forestry,Plant Protection,https://www.hcmuaf.edu.vn/en/dao-tao/cac-nganh-dao-tao
Ho Chi Minh City University of Agriculture and Forestry,Production Economics,https://www.hcmuaf.edu.vn/en/dao-tao/cac-nganh-dao-tao
Ho Chi Minh City University of Agriculture and Forestry,Rural Development,https://www.hcmuaf.edu.vn/en/dao-tao/cac-nganh-dao-tao
Ho Chi Minh City University of Agriculture and Forestry,Veterinary Medicine,https://www.hcmuaf.edu.vn/en/dao-tao/cac-nganh-dao-tao
Ho Chi Minh City University of Fine Arts,Animation and Comic,http://www.hcmufa.edu.vn/
Ho Chi Minh City University of Fine Arts,Applied Arts,http://www.hcmufa.edu.vn/
Ho Chi Minh City University of Fine Arts,Art Pedagogy,http://www.hcmufa.edu.vn/
Ho Chi Minh City University of Fine Arts,Art Theory and Criticism,http://www.hcmufa.edu.vn/
Ho Chi Minh City University of Fine Arts,Ceramics,http://www.hcmufa.edu.vn/
Ho Chi Minh City University of Fine Arts,Fashion Design,http://www.hcmufa.edu.vn/
Ho Chi Minh City University of Fine Arts,Graphic Arts,http://www.hcmufa.edu.vn/
Ho Chi Minh City University of Fine Arts,Graphic Design,http://www.hcmufa.edu.vn/
Ho Chi Minh City University of Fine Arts,Industrial Design,http://www.hcmufa.edu.vn/
Ho Chi Minh City University of Fine Arts,Interior Design,http://www.hcmufa.edu.vn/
Ho Chi Minh City University of Fine Arts,Painting,http://www.hcmufa.edu.vn/
Ho Chi Minh City University of Fine Arts,Sculpture,http://www.hcmufa.edu.vn/
Ho Chi Minh City University of Fine Arts,Theater and Cinema Design,http://www.hcmufa.edu.vn/
Ho Chi Minh City University of Fine Arts,Traditional Vietnamese Arts,http://www.hcmufa.edu.vn/
Ho Chi Minh City University of Fine Arts,Urban Art,http://www.hcmufa.edu.vn/
Ho Chi Minh City University of Foreign Languages and Information Technology,Accounting,https://huflit.edu.vn/
Ho Chi Minh City University of Foreign Languages and Information Technology,Business Administration,https://huflit.edu.vn/
Ho Chi Minh City University of Foreign Languages and Information Technology,Chinese Language Studies,https://huflit.edu.vn/
Ho Chi Minh City University of Foreign Languages and Information Technology,Cybersecurity,https://huflit.edu.vn/
Ho Chi Minh City University of Foreign Languages and Information Technology,E-commerce,https://huflit.edu.vn/
Ho Chi Minh City University of Foreign Languages and Information Technology,English Language Studies,https://huflit.edu.vn/
Ho Chi Minh City University of Foreign Languages and Information Technology,Fashion Design,https://huflit.edu.vn/
Ho Chi Minh City University of Foreign Languages and Information Technology,Film and Television Production,https://huflit.edu.vn/
Ho Chi Minh City University of Foreign Languages and Information Technology,Finance and Banking,https://huflit.edu.vn/
Ho Chi Minh City University of Foreign Languages and Information Technology,Graphic Design,https://huflit.edu.vn/
Ho Chi Minh City University of Foreign Languages and Information Technology,Human Resource Management,https://huflit.edu.vn/
Ho Chi Minh City University of Foreign Languages and Information Technology,Information Systems,https://huflit.edu.vn/
Ho Chi Minh City University of Foreign Languages and Information Technology,Information Technology,https://huflit.edu.vn/
Ho Chi Minh City University of Foreign Languages and Information Technology,Interior Design,https://huflit.edu.vn/
Ho Chi Minh City University of Foreign Languages and Information Technology,International Business,https://huflit.edu.vn/
Ho Chi Minh City University of Foreign Languages and Information Technology,International Relations,https://huflit.edu.vn/
Ho Chi Minh City University of Foreign Languages and Information Technology,Japanese Language Studies,https://huflit.edu.vn/
Ho Chi Minh City University of Foreign Languages and Information Technology,Journalism and Communication,https://huflit.edu.vn/
Ho Chi Minh City University of Foreign Languages and Information Technology,Korean Language Studies,https://huflit.edu.vn/
Ho Chi Minh City University of Foreign Languages and Information Technology,Law,https://huflit.edu.vn/
Ho Chi Minh City University of Foreign Languages and Information Technology,Logistics and Supply Chain Management,https://huflit.edu.vn/
Ho Chi Minh City University of Foreign Languages and Information Technology,Marketing,https://huflit.edu.vn/
Ho Chi Minh City University of Foreign Languages and Information Technology,Oriental Studies,https://huflit.edu.vn/
Ho Chi Minh City University of Foreign Languages and Information Technology,Public Relations and Advertising,https://huflit.edu.vn/
Ho Chi Minh City University of Foreign Languages and Information Technology,Software Engineering,https://huflit.edu.vn/
Ho Chi Minh City University of Foreign Languages and Information Technology,Tourism and Hospitality Management,https://huflit.edu.vn/
Ho Chi Minh City University of Law,Administrative Law,https://www.hcmulaw.edu.vn/
Ho Chi Minh City University of Law,Business Administration,https://www.hcmulaw.edu.vn/
Ho Chi Minh City University of Law,Business Administration - Law (Dual Degree),https://www.hcmulaw.edu.vn/
Ho Chi Minh City University of Law,Business Law,https://www.hcmulaw.edu.vn/
Ho Chi Minh City University of Law,Civil Law,https://www.hcmulaw.edu.vn/
Ho Chi Minh City University of Law,Civil Law and Civil Procedural Law,https://www.hcmulaw.edu.vn/
Ho Chi Minh City University of Law,Constitutional Law and Administrative Law,https://www.hcmulaw.edu.vn/
Ho Chi Minh City University of Law,Criminal Law,https://www.hcmulaw.edu.vn/
Ho Chi Minh City University of Law,Criminal Law and Criminal Procedural Law,https://www.hcmulaw.edu.vn/
Ho Chi Minh City University of Law,Economic Law,https://www.hcmulaw.edu.vn/
Ho Chi Minh City University of Law,Economic Management,https://www.hcmulaw.edu.vn/
Ho Chi Minh City University of Law,International Law,https://www.hcmulaw.edu.vn/
Ho Chi Minh City University of Law,International Trade Law,https://www.hcmulaw.edu.vn/
Ho Chi Minh City University of Law,Law,https://www.hcmulaw.edu.vn/
Ho Chi Minh City University of Law,Legal English,https://www.hcmulaw.edu.vn/
Ho Chi Minh City University of Science,Applied Mathematics,https://hcmus.edu.vn/
Ho Chi Minh City University of Science,Artificial Intelligence,https://hcmus.edu.vn/
Ho Chi Minh City University of Science,Biology,https://hcmus.edu.vn/
Ho Chi Minh City University of Science,Biotechnology,https://hcmus.edu.vn/
Ho Chi Minh City University of Science,Chemistry,https://hcmus.edu.vn/
Ho Chi Minh City University of Science,Computational Mathematics,https://hcmus.edu.vn/
Ho Chi Minh City University of Science,Computer Science,https://hcmus.edu.vn/
Ho Chi Minh City University of Science,Data Science,https://hcmus.edu.vn/
Ho Chi Minh City University of Science,Educational Technology,https://hcmus.edu.vn/
Ho Chi Minh City University of Science,Electronics and Telecommunications Engineering,https://hcmus.edu.vn/
Ho Chi Minh City University of Science,Engineering Physics,https://hcmus.edu.vn/
Ho Chi Minh City University of Science,Environmental Engineering Technology,https://hcmus.edu.vn/
Ho Chi Minh City University of Science,Environmental Science,https://hcmus.edu.vn/
Ho Chi Minh City University of Science,Geology,https://hcmus.edu.vn/
Ho Chi Minh City University of Science,Information Technology,https://hcmus.edu.vn/
Ho Chi Minh City University of Science,Interdisciplinary Sciences,https://www.hcmus.edu.vn/khoa-khoa-hoc-lien-nganh
Ho Chi Minh City University of Science,Materials Science,https://hcmus.edu.vn/
Ho Chi Minh City University of Science,Materials Technology,https://hcmus.edu.vn/
Ho Chi Minh City University of Science,Mathematics,https://hcmus.edu.vn/
Ho Chi Minh City University of Science,Medical Physics,https://hcmus.edu.vn/
Ho Chi Minh City University of Science,Micro-integrated Circuit Design,https://hcmus.edu.vn/
Ho Chi Minh City University of Science,Nuclear Engineering,https://hcmus.edu.vn/
Ho Chi Minh City University of Science,Oceanography,https://hcmus.edu.vn/
Ho Chi Minh City University of Science,Physics,https://hcmus.edu.vn/
Ho Chi Minh City University of Science,Resource and Environmental Management,https://hcmus.edu.vn/
Ho Chi Minh City University of Science,Statistics,https://hcmus.edu.vn/
Ho Chi Minh City University of Technology,Aerospace Engineering,https://hcmut.edu.vn/en/aerospace-engineering
Ho Chi Minh City University of Technology,Architecture,https://hcmut.edu.vn/en/architecture
Ho Chi Minh City University of Technology,Automotive Engineering,https://hcmut.edu.vn/en/automotive-engineering
Ho Chi Minh City University of Technology,Biotechnology,https://hcmut.edu.vn/en/biotechnology
Ho Chi Minh City University of Technology,Chemical Engineering,https://hcmut.edu.vn/en/chemical-engineering
Ho Chi Minh City University of Technology,Civil Engineering,https://hcmut.edu.vn/en/civil-engineering
Ho Chi Minh City University of Technology,Computer Engineering,https://hcmut.edu.vn/en/computer-engineering
Ho Chi Minh City University of Technology,Computer Science,https://hcmut.edu.vn/en/computer-science
Ho Chi Minh City University of Technology,Construction Management,https://hcmut.edu.vn/en/master-in-construction-management
Ho Chi Minh City University of Technology,Cyber Security,https://hcmut.edu.vn/en/master-in-computer-science-cyber-security-data-science
Ho Chi Minh City University of Technology,Data Science,https://hcmut.edu.vn/en/master-in-computer-science-cyber-security-data-science
Ho Chi Minh City University of Technology,Electrical Electronics Engineering,https://hcmut.edu.vn/en/electrical-electronics-engineering
Ho Chi Minh City University of Technology,Environmental Engineering,https://hcmut.edu.vn/en/environmental-engineering
Ho Chi Minh City University of Technology,Food Technology,https://hcmut.edu.vn/en/food-technology
Ho Chi Minh City University of Technology,Industrial Management,https://hcmut.edu.vn/en/industrial-management
Ho Chi Minh City University of Technology,Logistics & Supply Chain Management,https://hcmut.edu.vn/en/logistics-supply-chain-management
Ho Chi Minh City University of Technology,Mechanical Engineering,https://hcmut.edu.vn/en/mechanical-engineering
Ho Chi Minh City University of Technology,Mechatronics Engineering,https://hcmut.edu.vn/en/mechatronics-engineering
Ho Chi Minh City University of Technology,Natural Resources & Environmental Management,https://hcmut.edu.vn/en/natural-resources-environmental-management
Ho Chi Minh City University of Technology,Petroleum Engineering,https://hcmut.edu.vn/en/petroleum-engineering
Ho Chi Minh City University of Technology,Physics Engineering,https://hcmut.edu.vn/en/physics-engineering
Ho Chi Minh City University of Technology,Telecommunication Engineering,https://hcmut.edu.vn/en/telecommunication-engineering
Ho Chi Minh City University of Technology,Transportation Engineering,https://hcmut.edu.vn/en/transportation-engineering
Ho Chi Minh City University of Technology and Education,Automation and Control Engineering,https://en.hcmute.edu.vn/
Ho Chi Minh City University of Technology and Education,Automation and Control Engineering Technology,https://en.hcmute.edu.vn/
Ho Chi Minh City University of Technology and Education,Automotive Engineering,https://en.hcmute.edu.vn/
Ho Chi Minh City University of Technology and Education,Automotive Engineering Technology,https://en.hcmute.edu.vn/
Ho Chi Minh City University of Technology and Education,Biomedical Engineering,https://en.hcmute.edu.vn/
Ho Chi Minh City University of Technology and Education,Biomedical Engineering Technology,https://en.hcmute.edu.vn/
Ho Chi Minh City University of Technology and Education,Building Engineering System,https://en.hcmute.edu.vn/
Ho Chi Minh City University of Technology and Education,Business Administration,https://en.hcmute.edu.vn/
Ho Chi Minh City University of Technology and Education,Business English,https://en.hcmute.edu.vn/
Ho Chi Minh City University of Technology and Education,Chemical Engineering Technology,https://en.hcmute.edu.vn/
Ho Chi Minh City University of Technology and Education,Civil Engineering,https://en.hcmute.edu.vn/
Ho Chi Minh City University of Technology and Education,Civil and Industrial Construction Engineering,https://en.hcmute.edu.vn/
Ho Chi Minh City University of Technology and Education,Computer Engineering Technology,https://en.hcmute.edu.vn/
Ho Chi Minh City University of Technology and Education,Computer Science,https://en.hcmute.edu.vn/
Ho Chi Minh City University of Technology and Education,Construction Engineering,https://en.hcmute.edu.vn/
Ho Chi Minh City University of Technology and Education,Construction Engineering Technology,https://en.hcmute.edu.vn/
Ho Chi Minh City University of Technology and Education,Control and Automation Engineering,https://en.hcmute.edu.vn/
Ho Chi Minh City University of Technology and Education,Data Engineering,https://en.hcmute.edu.vn/
Ho Chi Minh City University of Technology and Education,Didactic and Teaching Methods,https://en.hcmute.edu.vn/
Ho Chi Minh City University of Technology and Education,E-Commerce,https://en.hcmute.edu.vn/
Ho Chi Minh City University of Technology and Education,Economics and Management,https://en.hcmute.edu.vn/
Ho Chi Minh City University of Technology and Education,Education,https://en.hcmute.edu.vn/
Ho Chi Minh City University of Technology and Education,Educational Management,https://en.hcmute.edu.vn/
Ho Chi Minh City University of Technology and Education,Educational Science,https://en.hcmute.edu.vn/
Ho Chi Minh City University of Technology and Education,Electrical Engineering,https://en.hcmute.edu.vn/
Ho Chi Minh City University of Technology and Education,Electrical and Electronic Engineering,https://en.hcmute.edu.vn/
Ho Chi Minh City University of Technology and Education,Electrical and Electronics Engineering Technology,https://en.hcmute.edu.vn/
Ho Chi Minh City University of Technology and Education,Electronic Engineering,https://en.hcmute.edu.vn/
Ho Chi Minh City University of Technology and Education,Electronic and Communication Technology,https://en.hcmute.edu.vn/
Ho Chi Minh City University of Technology and Education,Electronics and Communications Engineering Technology,https://en.hcmute.edu.vn/
Ho Chi Minh City University of Technology and Education,Engineering Mechanics,https://en.hcmute.edu.vn/
Ho Chi Minh City University of Technology and Education,English Linguistics,https://en.hcmute.edu.vn/
Ho Chi Minh City University of Technology and Education,Environmental Engineering,https://en.hcmute.edu.vn/
Ho Chi Minh City University of Technology and Education,Environmental Engineering Technology,https://en.hcmute.edu.vn/
Ho Chi Minh City University of Technology and Education,Fashion Design,https://en.hcmute.edu.vn/
Ho Chi Minh City University of Technology and Education,Financial Accounting,https://en.hcmute.edu.vn/
Ho Chi Minh City University of Technology and Education,Food Technology,https://en.hcmute.edu.vn/
Ho Chi Minh City University of Technology and Education,Furniture and Wood Technology,https://en.hcmute.edu.vn/
Ho Chi Minh City University of Technology and Education,Garment Technology,https://en.hcmute.edu.vn/
Ho Chi Minh City University of Technology and Education,Graphics Design,https://en.hcmute.edu.vn/
Ho Chi Minh City University of Technology and Education,Industrial Engineering,https://en.hcmute.edu.vn/
Ho Chi Minh City University of Technology and Education,Industrial Management,https://en.hcmute.edu.vn/
Ho Chi Minh City University of Technology and Education,Industrial Technology,https://en.hcmute.edu.vn/
Ho Chi Minh City University of Technology and Education,Information Technology,https://en.hcmute.edu.vn/
Ho Chi Minh City University of Technology and Education,International Business,https://en.hcmute.edu.vn/
Ho Chi Minh City University of Technology and Education,Linguistics (English),https://en.hcmute.edu.vn/
Ho Chi Minh City University of Technology and Education,Logistics and Supply Chain Management,https://en.hcmute.edu.vn/
Ho Chi Minh City University of Technology and Education,Machine Manufacturing Technology,https://en.hcmute.edu.vn/
Ho Chi Minh City University of Technology and Education,Materials Technology,https://en.hcmute.edu.vn/
Ho Chi Minh City University of Technology and Education,Mechanical Engineering,https://en.hcmute.edu.vn/
Ho Chi Minh City University of Technology and Education,Mechanical Engineering Technology,https://en.hcmute.edu.vn/
Ho Chi Minh City University of Technology and Education,Mechatronics Engineering,https://en.hcmute.edu.vn/
Ho Chi Minh City University of Technology and Education,Mechatronics Engineering Technology,https://en.hcmute.edu.vn/
Ho Chi Minh City University of Technology and Education,Printing Engineering Technology,https://en.hcmute.edu.vn/
Ho Chi Minh City University of Technology and Education,Printing Technology,https://en.hcmute.edu.vn/
Ho Chi Minh City University of Technology and Education,Robotics and Artificial Intelligence,https://en.hcmute.edu.vn/
Ho Chi Minh City University of Technology and Education,TESOL,https://en.hcmute.edu.vn/
Ho Chi Minh City University of Technology and Education,TESOL (Teaching English to Speakers of Other Languages),https://en.hcmute.edu.vn/
Ho Chi Minh City University of Technology and Education,Teaching Philosophy,https://en.hcmute.edu.vn/
Ho Chi Minh City University of Technology and Education,Technical English Translation and Interpretation,https://en.hcmute.edu.vn/
Ho Chi Minh City University of Technology and Education,Telecommunications Engineering,https://en.hcmute.edu.vn/
Ho Chi Minh City University of Technology and Education,Thermal Engineering,https://en.hcmute.edu.vn/
Ho Chi Minh City University of Technology and Education,Thermal Engineering Technology,https://en.hcmute.edu.vn/
Ho Chi Minh City University of Technology and Education,Translation and Interpretation,https://en.hcmute.edu.vn/
Ho Chi Minh City University of Technology and Education,Transportation Engineering,https://en.hcmute.edu.vn/
Ho Chi Minh City University of Technology and Education,Vehicle Engineering,https://en.hcmute.edu.vn/
Hong Bang International University,Doctor of Business Administration,https://hiu.vn/chuong-trinh-sau-dai-hoc/
Hong Bang International University,Doctor of Finance - Banking,https://hiu.vn/chuong-trinh-sau-dai-hoc/
Hong Bang International University,Doctor of Vietnamese Studies,https://hiu.vn/chuong-trinh-sau-dai-hoc/
Hong Bang International University,Master of Business Administration,https://hiu.vn/chuong-trinh-sau-dai-hoc/
Hong Bang International University,Master of Computer Science,https://hiu.vn/chuong-trinh-sau-dai-hoc/
Hong Bang International University,Master of Finance - Banking,https://hiu.vn/chuong-trinh-sau-dai-hoc/
Hong Bang International University,Master of Vietnamese Studies,https://hiu.vn/chuong-trinh-sau-dai-hoc/
Hong Bang International University,Medical Laboratory Science (Specialist Level I),https://hiu.vn/chuong-trinh-sau-dai-hoc/
Hung Vuong University,Accounting,https://www.hvu.edu.vn/vi/cac-nganh-dao-tao
Hung Vuong University,Agriculture,https://www.hvu.edu.vn/vi/cac-nganh-dao-tao
Hung Vuong University,Animal Science,https://www.hvu.edu.vn/vi/cac-nganh-dao-tao
Hung Vuong University,Artificial Intelligence in Mental Healthcare,https://www.hvu.edu.vn/vi/cac-nganh-dao-tao
Hung Vuong University,Arts and Humanities,https://www.hvu.edu.vn/vi/cac-nganh-dao-tao
Hung Vuong University,Botany,https://www.hvu.edu.vn/vi/cac-nganh-dao-tao
Hung Vuong University,Business Administration,https://www.hvu.edu.vn/vi/cac-nganh-dao-tao
Hung Vuong University,Chinese Language,https://www.hvu.edu.vn/vi/cac-nganh-dao-tao
Hung Vuong University,Chinese Language Teaching,https://www.hvu.edu.vn/vi/cac-nganh-dao-tao
Hung Vuong University,Civil Engineering,https://www.hvu.edu.vn/vi/cac-nganh-dao-tao
Hung Vuong University,Communications and Public Relations,https://www.hvu.edu.vn/vi/cac-nganh-dao-tao
Hung Vuong University,Computer Science,https://www.hvu.edu.vn/vi/cac-nganh-dao-tao
Hung Vuong University,Crop Science,https://www.hvu.edu.vn/vi/cac-nganh-dao-tao
Hung Vuong University,Digital Marketing,https://www.hvu.edu.vn/vi/cac-nganh-dao-tao
Hung Vuong University,E-commerce,https://www.hvu.edu.vn/vi/cac-nganh-dao-tao
Hung Vuong University,Early Childhood Education,https://www.hvu.edu.vn/vi/cac-nganh-dao-tao
Hung Vuong University,Economic Law,https://www.hvu.edu.vn/vi/cac-nganh-dao-tao
Hung Vuong University,Economics,https://www.hvu.edu.vn/vi/cac-nganh-dao-tao
Hung Vuong University,Educational Psychology,https://www.hvu.edu.vn/vi/cac-nganh-dao-tao
Hung Vuong University,Electronic Engineering Technology,https://www.hvu.edu.vn/vi/cac-nganh-dao-tao
Hung Vuong University,English Language,https://www.hvu.edu.vn/vi/cac-nganh-dao-tao
Hung Vuong University,English Language Teaching,https://www.hvu.edu.vn/vi/cac-nganh-dao-tao
Hung Vuong University,Finance and Banking,https://www.hvu.edu.vn/vi/cac-nganh-dao-tao
Hung Vuong University,Fine Arts Teacher Education,https://www.hvu.edu.vn/vi/cac-nganh-dao-tao
Hung Vuong University,Fishery,https://www.hvu.edu.vn/vi/cac-nganh-dao-tao
Hung Vuong University,Forestry,https://www.hvu.edu.vn/vi/cac-nganh-dao-tao
Hung Vuong University,History and Geography Teacher Education,https://www.hvu.edu.vn/vi/cac-nganh-dao-tao
Hung Vuong University,Hospital Management,https://www.hvu.edu.vn/vi/cac-nganh-dao-tao
Hung Vuong University,Information Technology,https://www.hvu.edu.vn/vi/cac-nganh-dao-tao
Hung Vuong University,International Business,https://www.hvu.edu.vn/vi/cac-nganh-dao-tao
Hung Vuong University,Japanese Language,https://www.hvu.edu.vn/vi/cac-nganh-dao-tao
Hung Vuong University,Japanese Language Teaching,https://www.hvu.edu.vn/vi/cac-nganh-dao-tao
Hung Vuong University,Korean Language,https://www.hvu.edu.vn/vi/cac-nganh-dao-tao
Hung Vuong University,Korean Language Teaching,https://www.hvu.edu.vn/vi/cac-nganh-dao-tao
Hung Vuong University,Law,https://www.hvu.edu.vn/vi/cac-nganh-dao-tao
Hung Vuong University,Literature,https://www.hvu.edu.vn/vi/cac-nganh-dao-tao
Hung Vuong University,Literature Teacher Education,https://www.hvu.edu.vn/vi/cac-nganh-dao-tao
Hung Vuong University,Logistics and Supply Chain Management,https://www.hvu.edu.vn/vi/cac-nganh-dao-tao
Hung Vuong University,Mathematics Teacher Education,https://www.hvu.edu.vn/vi/cac-nganh-dao-tao
Hung Vuong University,Mechanical Engineering Technology,https://www.hvu.edu.vn/vi/cac-nganh-dao-tao
Hung Vuong University,Music Teacher Education,https://www.hvu.edu.vn/vi/cac-nganh-dao-tao
Hung Vuong University,Natural Sciences Teacher Education,https://www.hvu.edu.vn/vi/cac-nganh-dao-tao
Hung Vuong University,Nursing,https://www.hvu.edu.vn/vi/cac-nganh-dao-tao
Hung Vuong University,Physical Education,https://www.hvu.edu.vn/vi/cac-nganh-dao-tao
Hung Vuong University,Plant Science,https://www.hvu.edu.vn/vi/cac-nganh-dao-tao
Hung Vuong University,Political Science,https://www.hvu.edu.vn/vi/cac-nganh-dao-tao
Hung Vuong University,Primary Education,https://www.hvu.edu.vn/vi/cac-nganh-dao-tao
Hung Vuong University,Psychology,https://www.hvu.edu.vn/vi/cac-nganh-dao-tao
Hung Vuong University,Social Work,https://www.hvu.edu.vn/vi/cac-nganh-dao-tao
Hung Vuong University,Tourism,https://www.hvu.edu.vn/vi/cac-nganh-dao-tao
Hung Vuong University,Tourism and Hospitality Management,https://www.hvu.edu.vn/vi/cac-nganh-dao-tao
Hung Vuong University,Veterinary Medicine,https://www.hvu.edu.vn/vi/cac-nganh-dao-tao
Hung Vuong University,Zoology,https://www.hvu.edu.vn/vi/cac-nganh-dao-tao
Industrial University of Ho Chi Minh City,Accounting,https://www.iuh.edu.vn/chuong-trinh-dao-tao
Industrial University of Ho Chi Minh City,Architecture,https://www.iuh.edu.vn/chuong-trinh-dao-tao
Industrial University of Ho Chi Minh City,Artificial Intelligence,https://www.iuh.edu.vn/chuong-trinh-dao-tao
Industrial University of Ho Chi Minh City,Automotive Engineering,https://www.iuh.edu.vn/chuong-trinh-dao-tao
Industrial University of Ho Chi Minh City,Automotive Engineering Technology,https://www.iuh.edu.vn/chuong-trinh-dao-tao
Industrial University of Ho Chi Minh City,Biomedical Engineering,https://www.iuh.edu.vn/chuong-trinh-dao-tao
Industrial University of Ho Chi Minh City,Biotechnology,https://www.iuh.edu.vn/chuong-trinh-dao-tao
Industrial University of Ho Chi Minh City,Business Administration,https://www.iuh.edu.vn/chuong-trinh-dao-tao
Industrial University of Ho Chi Minh City,Chemical Engineering Technology,https://www.iuh.edu.vn/chuong-trinh-dao-tao
Industrial University of Ho Chi Minh City,Chinese Language,https://www.iuh.edu.vn/chuong-trinh-dao-tao
Industrial University of Ho Chi Minh City,Civil Engineering Technology,https://www.iuh.edu.vn/chuong-trinh-dao-tao
Industrial University of Ho Chi Minh City,Computer Engineering Technology,https://www.iuh.edu.vn/chuong-trinh-dao-tao
Industrial University of Ho Chi Minh City,Computer Networks and Data Communications,https://www.iuh.edu.vn/chuong-trinh-dao-tao
Industrial University of Ho Chi Minh City,Computer Science,https://www.iuh.edu.vn/chuong-trinh-dao-tao
Industrial University of Ho Chi Minh City,Control and Automation Engineering,https://www.iuh.edu.vn/chuong-trinh-dao-tao
Industrial University of Ho Chi Minh City,Control and Automation Engineering Technology,https://www.iuh.edu.vn/chuong-trinh-dao-tao
Industrial University of Ho Chi Minh City,Data Science,https://www.iuh.edu.vn/chuong-trinh-dao-tao
Industrial University of Ho Chi Minh City,Digital Marketing,https://www.iuh.edu.vn/chuong-trinh-dao-tao
Industrial University of Ho Chi Minh City,E-commerce,https://www.iuh.edu.vn/chuong-trinh-dao-tao
Industrial University of Ho Chi Minh City,Economic Law,https://www.iuh.edu.vn/chuong-trinh-dao-tao
Industrial University of Ho Chi Minh City,Electrical Engineering,https://www.iuh.edu.vn/chuong-trinh-dao-tao
Industrial University of Ho Chi Minh City,Electrical Engineering Technology,https://www.iuh.edu.vn/chuong-trinh-dao-tao
Industrial University of Ho Chi Minh City,Electronics and Communication Engineering Technology,https://www.iuh.edu.vn/chuong-trinh-dao-tao
Industrial University of Ho Chi Minh City,Electronics and Telecommunications Engineering,https://www.iuh.edu.vn/chuong-trinh-dao-tao
Industrial University of Ho Chi Minh City,English Language,https://www.iuh.edu.vn/chuong-trinh-dao-tao
Industrial University of Ho Chi Minh City,Environmental Engineering Technology,https://www.iuh.edu.vn/chuong-trinh-dao-tao
Industrial University of Ho Chi Minh City,Fashion Design,https://www.iuh.edu.vn/chuong-trinh-dao-tao
Industrial University of Ho Chi Minh City,Finance and Banking,https://www.iuh.edu.vn/chuong-trinh-dao-tao
Industrial University of Ho Chi Minh City,Food Technology,https://www.iuh.edu.vn/chuong-trinh-dao-tao
Industrial University of Ho Chi Minh City,Graphic Design,https://www.iuh.edu.vn/chuong-trinh-dao-tao
Industrial University of Ho Chi Minh City,Hotel Management,https://www.iuh.edu.vn/chuong-trinh-dao-tao
Industrial University of Ho Chi Minh City,Human Resource Management,https://www.iuh.edu.vn/chuong-trinh-dao-tao
Industrial University of Ho Chi Minh City,Industrial Management,https://www.iuh.edu.vn/chuong-trinh-dao-tao
Industrial University of Ho Chi Minh City,Information Systems,https://www.iuh.edu.vn/chuong-trinh-dao-tao
Industrial University of Ho Chi Minh City,Information Technology,https://www.iuh.edu.vn/chuong-trinh-dao-tao
Industrial University of Ho Chi Minh City,Interior Design,https://www.iuh.edu.vn/chuong-trinh-dao-tao
Industrial University of Ho Chi Minh City,International Business,https://www.iuh.edu.vn/chuong-trinh-dao-tao
Industrial University of Ho Chi Minh City,Logistics and Supply Chain Management,https://www.iuh.edu.vn/chuong-trinh-dao-tao
Industrial University of Ho Chi Minh City,Marketing,https://www.iuh.edu.vn/chuong-trinh-dao-tao
Industrial University of Ho Chi Minh City,Master of Biotechnology,https://ipe.iuh.edu.vn/
Industrial University of Ho Chi Minh City,Master of Chemical Engineering,https://ipe.iuh.edu.vn/
Industrial University of Ho Chi Minh City,Master of Electronic Engineering,https://ipe.iuh.edu.vn/
Industrial University of Ho Chi Minh City,Master of Food Technology,https://ipe.iuh.edu.vn/
Industrial University of Ho Chi Minh City,Master of Mechanical Engineering,https://ipe.iuh.edu.vn/
Industrial University of Ho Chi Minh City,Materials Engineering Technology,https://www.iuh.edu.vn/chuong-trinh-dao-tao
Industrial University of Ho Chi Minh City,Mechanical Engineering,https://www.iuh.edu.vn/chuong-trinh-dao-tao
Industrial University of Ho Chi Minh City,Mechatronics Engineering Technology,https://www.iuh.edu.vn/chuong-trinh-dao-tao
Industrial University of Ho Chi Minh City,Natural Resources and Environmental Management,https://www.iuh.edu.vn/chuong-trinh-dao-tao
Industrial University of Ho Chi Minh City,Nursing,https://www.iuh.edu.vn/chuong-trinh-dao-tao
Industrial University of Ho Chi Minh City,Pharmacy,https://www.iuh.edu.vn/chuong-trinh-dao-tao
Industrial University of Ho Chi Minh City,Printing Technology,https://www.iuh.edu.vn/chuong-trinh-dao-tao
Industrial University of Ho Chi Minh City,Restaurant and Food Service Management,https://www.iuh.edu.vn/chuong-trinh-dao-tao
Industrial University of Ho Chi Minh City,Robotics and Artificial Intelligence,https://www.iuh.edu.vn/chuong-trinh-dao-tao
Industrial University of Ho Chi Minh City,Software Engineering,https://www.iuh.edu.vn/chuong-trinh-dao-tao
Industrial University of Ho Chi Minh City,Textile and Garment Technology,https://www.iuh.edu.vn/chuong-trinh-dao-tao
Industrial University of Ho Chi Minh City,Thermal Engineering,https://www.iuh.edu.vn/chuong-trinh-dao-tao
Industrial University of Ho Chi Minh City,Thermal Engineering Technology,https://www.iuh.edu.vn/chuong-trinh-dao-tao
Industrial University of Ho Chi Minh City,Tourism,https://www.iuh.edu.vn/chuong-trinh-dao-tao
Industrial University of Ho Chi Minh City,Tourism and Travel Service Management,https://www.iuh.edu.vn/chuong-trinh-dao-tao
Lac Hong University,Accounting,https://en.lhu.edu.vn/academics
Lac Hong University,Accounting and Auditing,https://en.lhu.edu.vn/academics
Lac Hong University,Architecture,https://en.lhu.edu.vn/academics
Lac Hong University,Automotive Engineering Technology,https://en.lhu.edu.vn/academics
Lac Hong University,Banking and Finance,https://en.lhu.edu.vn/academics
Lac Hong University,Biotechnology and Food Technology,https://en.lhu.edu.vn/academics
Lac Hong University,Business Administration,https://en.lhu.edu.vn/academics
Lac Hong University,Chemical Engineering,https://en.lhu.edu.vn/academics
Lac Hong University,Chinese Language,https://en.lhu.edu.vn/academics
Lac Hong University,Civil Engineering,https://en.lhu.edu.vn/academics
Lac Hong University,Computer Science,https://en.lhu.edu.vn/academics
Lac Hong University,Construction Engineering,https://en.lhu.edu.vn/academics
Lac Hong University,E-Commerce,https://en.lhu.edu.vn/academics
Lac Hong University,Economic Law,https://en.lhu.edu.vn/academics
Lac Hong University,Electrical Engineering,https://en.lhu.edu.vn/academics
Lac Hong University,Electronic Engineering,https://en.lhu.edu.vn/academics
Lac Hong University,English Language,https://en.lhu.edu.vn/academics
Lac Hong University,Environmental Engineering,https://en.lhu.edu.vn/academics
Lac Hong University,Finance and Banking,https://en.lhu.edu.vn/academics
Lac Hong University,Foreign Trade,https://en.lhu.edu.vn/academics
Lac Hong University,General English,https://en.lhu.edu.vn/academics
Lac Hong University,Human Resource Management,https://en.lhu.edu.vn/academics
Lac Hong University,Industrial Engineering,https://en.lhu.edu.vn/academics
Lac Hong University,Industrial Management,https://en.lhu.edu.vn/academics
Lac Hong University,Information Engineering Technology,https://en.lhu.edu.vn/academics
Lac Hong University,Information Systems,https://en.lhu.edu.vn/academics
Lac Hong University,Information Technology,https://en.lhu.edu.vn/academics
Lac Hong University,International Business,https://en.lhu.edu.vn/academics
Lac Hong University,International Economics,https://en.lhu.edu.vn/academics
Lac Hong University,Japanese Language,https://en.lhu.edu.vn/academics
Lac Hong University,Law,https://en.lhu.edu.vn/academics
Lac Hong University,Logistics and Supply Chain Management,https://en.lhu.edu.vn/academics
Lac Hong University,Marketing,https://en.lhu.edu.vn/academics
Lac Hong University,Mechanical Engineering,https://en.lhu.edu.vn/academics
Lac Hong University,Mechatronics,https://en.lhu.edu.vn/academics
Lac Hong University,Nursing,https://en.lhu.edu.vn/academics
Lac Hong University,Oriental Studies,https://en.lhu.edu.vn/academics
Lac Hong University,Pharmaceutical Management,https://en.lhu.edu.vn/academics
Lac Hong University,Pharmacy,https://en.lhu.edu.vn/academics
Lac Hong University,Psychology,https://en.lhu.edu.vn/academics
Lac Hong University,Public Relations,https://en.lhu.edu.vn/academics
Lac Hong University,Software Engineering,https://en.lhu.edu.vn/academics
Lac Hong University,Tourism and Travel Services Management,https://en.lhu.edu.vn/academics
Lac Hong University,Vietnamese Studies (Tourism Guidance),https://en.lhu.edu.vn/academics
National Academy of Public Administration (Vietnam),Administrative Management,https://www.napa.vn/
National Academy of Public Administration (Vietnam),Archival Science,https://www.napa.vn/
National Academy of Public Administration (Vietnam),Cultural Management,https://www.napa.vn/
National Academy of Public Administration (Vietnam),Cultural Studies,https://www.napa.vn/
National Academy of Public Administration (Vietnam),Economics,https://www.napa.vn/
National Academy of Public Administration (Vietnam),Government Administration,https://www.napa.vn/
National Academy of Public Administration (Vietnam),Human Resource Management,https://www.napa.vn/
National Academy of Public Administration (Vietnam),Information - Library,https://www.napa.vn/
National Academy of Public Administration (Vietnam),Law,https://www.napa.vn/
National Academy of Public Administration (Vietnam),Office Administration,https://www.napa.vn/
National Academy of Public Administration (Vietnam),Party Building and State Administration,https://www.napa.vn/
National Academy of Public Administration (Vietnam),Political Science,https://www.napa.vn/
National Academy of Public Administration (Vietnam),Public Administration,https://www.napa.vn/
National Academy of Public Administration (Vietnam),State Management,https://www.napa.vn/
National Academy of Public Administration (Vietnam),Tourism Economics,https://www.napa.vn/
National Economics University,Accounting,https://aep.neu.edu.vn/
National Economics University,Accounting & Financial Management,https://www.neu.edu.vn/
National Economics University,Accounting and Finance,https://www.neu.edu.vn/
National Economics University,Actuarial Science,http://mfe.neu.edu.vn/
National Economics University,Auditing,https://www.neu.edu.vn/
National Economics University,Bachelor of Business Administration in Entrepreneurship,https://www.neu.edu.vn/
National Economics University,Banking,https://www.neu.edu.vn/
National Economics University,Banking and Finance,https://www.neu.edu.vn/
National Economics University,Business Administration,https://www.neu.edu.vn/
National Economics University,Business Analysis,https://www.neu.edu.vn/
National Economics University,Business Management,https://www.neu.edu.vn/
National Economics University,Business and Events Management,https://www.neu.edu.vn/
National Economics University,Business and Management,https://isme.neu.edu.vn/
National Economics University,Business and Marketing,https://www.neu.edu.vn/
National Economics University,Corporate Finance,https://www.neu.edu.vn/
National Economics University,Corporate Governance,https://www.neu.edu.vn/
National Economics University,Customs,https://www.neu.edu.vn/
National Economics University,Development Economics,https://www.neu.edu.vn/
National Economics University,Digital Business,https://www.neu.edu.vn/
National Economics University,Digital Marketing,https://isme.neu.edu.vn/
National Economics University,Economic Management,https://www.neu.edu.vn/
National Economics University,Economic Policy,https://www.neu.edu.vn/
National Economics University,Economics,https://www.neu.edu.vn/
National Economics University,Economics & Human Resource Management,https://www.neu.edu.vn/
National Economics University,Economics - Resources and Environmental Management,https://www.neu.edu.vn/
National Economics University,Economics - Urban Management,https://www.neu.edu.vn/
National Economics University,English MBA,https://www.neu.edu.vn/
National Economics University,Enterprise Management,https://www.neu.edu.vn/
National Economics University,Entrepreneurship Management,https://www.neu.edu.vn/
National Economics University,"Entrepreneurship, Technology and Innovation Management",https://isme.neu.edu.vn/
National Economics University,Finance,https://aep.neu.edu.vn/
National Economics University,Financial Economics,https://www.neu.edu.vn/
National Economics University,Hotel Management,https://www.neu.edu.vn/
National Economics University,Human Resources,https://www.neu.edu.vn/
National Economics University,International Bachelor Degree,https://www.neu.edu.vn/
National Economics University,International Business,https://www.neu.edu.vn/
National Economics University,International Business Management,https://isme.neu.edu.vn/
National Economics University,International Doctor in Business and Management,https://isme.neu.edu.vn/
National Economics University,Investment,https://www.neu.edu.vn/
National Economics University,Investment Economics,https://www.neu.edu.vn/
National Economics University,Law and Commercial Business Administration,https://www.neu.edu.vn/
National Economics University,MBA (Andrews University),https://www.neu.edu.vn/
National Economics University,Managerial Economics,https://www.neu.edu.vn/
National Economics University,Marketing Communications,https://www.neu.edu.vn/
National Economics University,Marketing Management,https://www.neu.edu.vn/
National Economics University,Marketing and Advertising,https://www.neu.edu.vn/
National Economics University,Master of Science in Business Management,https://isme.neu.edu.vn/
National Economics University,Master of Science in Digital Marketing,https://isme.neu.edu.vn/
National Economics University,Operations Management,https://www.neu.edu.vn/
National Economics University,Planning,https://www.neu.edu.vn/
National Economics University,Public Management,https://www.neu.edu.vn/
National Economics University,Public Management and Policy,https://www.neu.edu.vn/
National Economics University,Strategic Management,https://www.neu.edu.vn/
National Economics University,Travel Management,https://www.neu.edu.vn/
National Economics University,Vietnamese MBA,https://www.neu.edu.vn/
Nha Trang University,Accounting and Auditing,https://en.ntu.edu.vn/academic-division/schools/school-of-economics-and-business/department-of-accounting-and-auditing
Nha Trang University,Aquaculture,https://en.ntu.edu.vn/academic-division/schools/school-of-fisheries-and-life-sciences/department-of-aquaculture
Nha Trang University,Automotive and Power Engineering,https://en.ntu.edu.vn/academic-division/schools/school-of-engineering-and-technology/department-of-automotive-and-power-engineering
Nha Trang University,Biotechnology,https://en.ntu.edu.vn/academic-division/schools/school-of-fisheries-and-life-sciences/department-of-biotechnology
Nha Trang University,Business Administration,https://en.ntu.edu.vn/academic-division/schools/school-of-economics-and-business/department-of-business-administration
Nha Trang University,Chemical and Environmental Engineering,https://en.ntu.edu.vn/academic-division/schools/school-of-fisheries-and-life-sciences/department-of-chemical-and-environmental-engineering
Nha Trang University,Civil Engineering,https://en.ntu.edu.vn/academic-division/schools/school-of-engineering-and-technology/department-of-civil-engineering
Nha Trang University,Economics,https://en.ntu.edu.vn/academic-division/schools/school-of-economics-and-business/department-of-economics
Nha Trang University,Electrical and Electronic Engineering,https://en.ntu.edu.vn/academic-division/schools/school-of-engineering-and-technology/department-of-electrical-and-electronic-engineering
Nha Trang University,Energy Engineering,https://en.ntu.edu.vn/academic-division/schools/school-of-engineering-and-technology/department-of-energy-engineering
Nha Trang University,Finance and Banking,https://en.ntu.edu.vn/academic-division/schools/school-of-economics-and-business/department-of-finance-and-banking
Nha Trang University,Fisheries Science,https://en.ntu.edu.vn/academic-division/schools/school-of-fisheries-and-life-sciences/department-of-fisheries-science
Nha Trang University,Food Technology,https://en.ntu.edu.vn/academic-division/schools/school-of-fisheries-and-life-sciences/department-of-food-technology
Nha Trang University,Foreign Languages,https://en.ntu.edu.vn/academic-division/departments/department-of-foreign-languages
Nha Trang University,Information Technology,https://en.ntu.edu.vn/academic-division/departments/department-of-information-technology
Nha Trang University,Marine Engineering,https://en.ntu.edu.vn/academic-division/schools/school-of-engineering-and-technology/department-of-marine-engineering
Nha Trang University,Mechanical Engineering,https://en.ntu.edu.vn/academic-division/schools/school-of-engineering-and-technology/department-of-mechanical-engineering
Nha Trang University,Social Sciences and Humanities,https://en.ntu.edu.vn/academic-division/departments/department-of-social-sciences-and-humanities
Nha Trang University,Tourism,https://en.ntu.edu.vn/academic-division/departments/department-of-tourism
Pham Ngoc Thach University of Medicine,Anesthesiology and Resuscitation Technology,https://www.pnt.edu.vn/
Pham Ngoc Thach University of Medicine,Dentistry,https://www.pnt.edu.vn/
Pham Ngoc Thach University of Medicine,General Medicine,https://www.pnt.edu.vn/
Pham Ngoc Thach University of Medicine,Medical Imaging Technology,https://www.pnt.edu.vn/
Pham Ngoc Thach University of Medicine,Medical Laboratory Technology,https://www.pnt.edu.vn/
Pham Ngoc Thach University of Medicine,Midwifery,https://www.pnt.edu.vn/
Pham Ngoc Thach University of Medicine,Nursing,https://www.pnt.edu.vn/
Pham Ngoc Thach University of Medicine,Nutrition,https://www.pnt.edu.vn/
Pham Ngoc Thach University of Medicine,Ophthalmology,https://www.pnt.edu.vn/
Pham Ngoc Thach University of Medicine,Pharmacy,https://www.pnt.edu.vn/
Pham Ngoc Thach University of Medicine,Public Health,https://www.pnt.edu.vn/
Pham Ngoc Thach University of Medicine,Rehabilitation Technology,https://www.pnt.edu.vn/
Pham Ngoc Thach University of Medicine,Traditional Medicine,https://www.pnt.edu.vn/
Quảng Bình University,Accounting,https://quangbinhuni.edu.vn/chuong-trinh-dao-tao
Quảng Bình University,Agriculture,https://quangbinhuni.edu.vn/chuong-trinh-dao-tao
Quảng Bình University,Business Administration,https://quangbinhuni.edu.vn/chuong-trinh-dao-tao
Quảng Bình University,Chinese Language,https://quangbinhuni.edu.vn/chuong-trinh-dao-tao
Quảng Bình University,Early Childhood Education,https://quangbinhuni.edu.vn/chuong-trinh-dao-tao
Quảng Bình University,English Language,https://quangbinhuni.edu.vn/chuong-trinh-dao-tao
Quảng Bình University,English Language Education,https://quangbinhuni.edu.vn/chuong-trinh-dao-tao
Quảng Bình University,History and Geography Education,https://quangbinhuni.edu.vn/chuong-trinh-dao-tao
Quảng Bình University,Information Technology,https://quangbinhuni.edu.vn/chuong-trinh-dao-tao
Quảng Bình University,Literature Education,https://quangbinhuni.edu.vn/chuong-trinh-dao-tao
Quảng Bình University,Mathematics Education,https://quangbinhuni.edu.vn/chuong-trinh-dao-tao
Quảng Bình University,Natural Sciences Education,https://quangbinhuni.edu.vn/chuong-trinh-dao-tao
Quảng Bình University,Political Education,https://quangbinhuni.edu.vn/chuong-trinh-dao-tao
Quảng Bình University,Primary Education,https://quangbinhuni.edu.vn/chuong-trinh-dao-tao
Quảng Bình University,Resource and Environmental Management,https://quangbinhuni.edu.vn/chuong-trinh-dao-tao
Quảng Bình University,Tourism and Travel Services Management,https://quangbinhuni.edu.vn/chuong-trinh-dao-tao
Royal Melbourne Institute of Technology Vietnam,Bachelor of Accounting,https://www.rmit.edu.vn/study-at-rmit/undergraduate-programs/bachelor-accounting
Royal Melbourne Institute of Technology Vietnam,Bachelor of Accounting,https://www.rmit.edu.vn/study-at-rmit/undergraduate-programs
Royal Melbourne Institute of Technology Vietnam,Bachelor of Applied Science (Aviation),https://www.rmit.edu.vn/study-at-rmit/undergraduate-programs/bachelor-applied-science-aviation
Royal Melbourne Institute of Technology Vietnam,Bachelor of Applied Science (Aviation),https://www.rmit.edu.vn/study-at-rmit/undergraduate-programs
Royal Melbourne Institute of Technology Vietnam,Bachelor of Business,https://www.rmit.edu.vn/study-at-rmit/undergraduate-programs/bachelor-business
Royal Melbourne Institute of Technology Vietnam,Bachelor of Business,https://www.rmit.edu.vn/study-at-rmit/undergraduate-programs/bachelor-business
Royal Melbourne Institute of Technology Vietnam,Bachelor of Communication (Professional Communication),https://www.rmit.edu.vn/study-at-rmit/undergraduate-programs/bachelor-communication-professional-communication
Royal Melbourne Institute of Technology Vietnam,Bachelor of Design (Digital Media),https://www.rmit.edu.vn/study-at-rmit/undergraduate-programs/bachelor-design-digital-media
Royal Melbourne Institute of Technology Vietnam,Bachelor of Design (Games),https://www.rmit.edu.vn/study-at-rmit/undergraduate-programs/bachelor-design-games
Royal Melbourne Institute of Technology Vietnam,Bachelor of Design Studies,https://www.rmit.edu.vn/study-at-rmit/undergraduate-programs/bachelor-design-studies
Royal Melbourne Institute of Technology Vietnam,Bachelor of Digital Film and Video,https://www.rmit.edu.vn/study-at-rmit/undergraduate-programs/bachelor-digital-film-video
Royal Melbourne Institute of Technology Vietnam,Bachelor of Digital Marketing,https://www.rmit.edu.vn/study-at-rmit/undergraduate-programs/bachelor-digital-marketing
Royal Melbourne Institute of Technology Vietnam,Bachelor of Digital Marketing,https://www.rmit.edu.vn/study-at-rmit/undergraduate-programs
Royal Melbourne Institute of Technology Vietnam,Bachelor of Engineering (Electronic and Computer Systems) - Honours,https://www.rmit.edu.vn/study-at-rmit/undergraduate-programs/bachelor-engineering-electronic-computer-systems-honours
Royal Melbourne Institute of Technology Vietnam,Bachelor of Engineering (Electronic and Computer Systems) - Honours,https://www.rmit.edu.vn/study-at-rmit/undergraduate-programs
Royal Melbourne Institute of Technology Vietnam,Bachelor of Engineering (Robotics & Mechatronics) - Honours,https://www.rmit.edu.vn/study-at-rmit/undergraduate-programs/bachelor-engineering-robotics-mechatronics-honours
Royal Melbourne Institute of Technology Vietnam,Bachelor of Engineering (Robotics & Mechatronics) - Honours,https://www.rmit.edu.vn/study-at-rmit/undergraduate-programs
Royal Melbourne Institute of Technology Vietnam,Bachelor of Engineering (Software) - Honours,https://www.rmit.edu.vn/study-at-rmit/undergraduate-programs/bachelor-engineering-software-honours
Royal Melbourne Institute of Technology Vietnam,Bachelor of Engineering (Software) - Honours,https://www.rmit.edu.vn/study-at-rmit/undergraduate-programs
Royal Melbourne Institute of Technology Vietnam,Bachelor of Fashion (Enterprise),https://www.rmit.edu.vn/study-at-rmit/undergraduate-programs/bachelor-fashion-enterprise
Royal Melbourne Institute of Technology Vietnam,Bachelor of Information Technology,https://www.rmit.edu.vn/study-at-rmit/undergraduate-programs/bachelor-information-technology
Royal Melbourne Institute of Technology Vietnam,Bachelor of Information Technology,https://www.rmit.edu.vn/study-at-rmit/undergraduate-programs
Royal Melbourne Institute of Technology Vietnam,Bachelor of Psychology,https://www.rmit.edu.vn/study-at-rmit/undergraduate-programs/bachelor-psychology
Royal Melbourne Institute of Technology Vietnam,Bachelor of Psychology,https://www.rmit.edu.vn/study-at-rmit/undergraduate-programs
Royal Melbourne Institute of Technology Vietnam,Bachelor of Tourism and Hospitality Management,https://www.rmit.edu.vn/study-at-rmit/undergraduate-programs/bachelor-tourism-hospitality-management
Royal Melbourne Institute of Technology Vietnam,Bachelor of Tourism and Hospitality Management,https://www.rmit.edu.vn/study-at-rmit/undergraduate-programs
Royal Melbourne Institute of Technology Vietnam,Master of Artificial Intelligence,https://www.rmit.edu.vn/study-at-rmit/postgraduate-programs/master-artificial-intelligence
Royal Melbourne Institute of Technology Vietnam,Master of Artificial Intelligence,https://www.rmit.edu.vn/study-at-rmit/postgraduate-programs
Royal Melbourne Institute of Technology Vietnam,Master of Business Administration,https://www.rmit.edu.vn/study-at-rmit/postgraduate-programs/master-business-administration
Royal Melbourne Institute of Technology Vietnam,Master of Business Administration,https://www.rmit.edu.vn/study-at-rmit/postgraduate-programs
Royal Melbourne Institute of Technology Vietnam,Master of International Business,https://www.rmit.edu.vn/study-at-rmit/postgraduate-programs/master-international-business
Royal Melbourne Institute of Technology Vietnam,Master of International Business,https://www.rmit.edu.vn/study-at-rmit/postgraduate-programs
Saigon University,Applied Mathematics,https://vertexaisearch.cloud.google.com/grounding-api-redirect/AUZIYQH2vx5xlrDYht7aW6v4sXEEMOQUTAYJskXo_-hB_d8o1JHvtSPv_LRSNAeY8QXdBg6x6Imf0XzS2mbHADxofYuRtUWYGOqGZtWAT6sziUxbZUmDAWxCD2clU5LtYSeYQGKEwa8vnKVtLg==
Saigon University,Biology Education,https://vertexaisearch.cloud.google.com/grounding-api-redirect/AUZIYQHjIcPMU-tLv1XokZTNcfIxq2kniQDlmwzw3nHR08_LQ-tNIPodw59GPeFg8A9v9s6j-5rY18XuKGoD_ukJEfQiqRiKzXFi1g-iRJUt5OxXFrr2LDlEe_wDICuyDWw1hMlNMNheBk9pJKhfqaD4DyOAoOfuMfGROW54lE-0Gkc=
Saigon University,Biotechnology,https://vertexaisearch.cloud.google.com/grounding-api-redirect/AUZIYQH2vx5xlrDYht7aW6v4sXEEMOQUTAYJskXo_-hB_d8o1JHvtSPv_LRSNAeY8QXdBg6x6Imf0XzS2mbHADxofYuRtUWYGOqGZtWAT6sziUxbZUmDAWxCD2clU5LtYSeYQGKEwa8vnKVtLg==
Saigon University,Business Administration,https://vertexaisearch.cloud.google.com/grounding-api-redirect/AUZIYQH2vx5xlrDYht7aW6v4sXEEMOQUTAYJskXo_-hB_d8o1JHvtSPv_LRSNAeY8QXdBg6x6Imf0XzS2mbHADxofYuRtUWYGOqGZtWAT6sziUxbZUmDAWxCD2clU5LtYSeYQGKEwa8vnKVtLg==
Saigon University,Chemistry Education,https://vertexaisearch.cloud.google.com/grounding-api-redirect/AUZIYQHjIcPMU-tLv1XokZTNcfIxq2kniQDlmwzw3nHR08_LQ-tNIPodw59GPeFg8A9v9s6j-5rY18XuKGoD_ukJEfQiqRiKzXFi1g-iRJUt5OxXFrr2LDlEe_wDICuyDWw1hMlNMNheBk9pJKhfqaD4DyOAoOfuMfGROW54lE-0Gkc=
Saigon University,Civil Law and Civil Procedure,https://vertexaisearch.cloud.google.com/grounding-api-redirect/AUZIYQE07q6K4KnL-SL_ubq6zHFCsb8za_64NX38JlT_bkxsmzsIX5GMa4DTTB70ywbxNv1SLbzRvqvRE6FH9NuINs4z8i78Coltyg3G7b-QqfCEyEmStCOVEHgUSXYq_pGMXWtw3m3IVj_UK_8X5LxAfbNmE3mJ7ssuDpbtvcawbvA_raa2Cezri_ZzA0kW_pcn_J0vS87RIDr9h-J2Rw==
Saigon University,Computer Science,https://vertexaisearch.cloud.google.com/grounding-api-redirect/AUZIYQH2vx5xlrDYht7aW6v4sXEEMOQUTAYJskXo_-hB_d8o1JHvtSPv_LRSNAeY8QXdBg6x6Imf0XzS2mbHADxofYuRtUWYGOqGZtWAT6sziUxbZUmDAWxCD2clU5LtYSeYQGKEwa8vnKVtLg==
Saigon University,Early Childhood Education,https://vertexaisearch.cloud.google.com/grounding-api-redirect/AUZIYQH2vx5xlrDYht7aW6v4sXEEMOQUTAYJskXo_-hB_d8o1JHvtSPv_LRSNAeY8QXdBg6x6Imf0XzS2mbHADxofYuRtUWYGOqGZtWAT6sziUxbZUmDAWxCD2clU5LtYSeYQGKEwa8vnKVtLg==
Saigon University,Education Management,https://vertexaisearch.cloud.google.com/grounding-api-redirect/AUZIYQH2vx5xlrDYht7aW6v4sXEEMOQUTAYJskXo_-hB_d8o1JHvtSPv_LRSNAeY8QXdBg6x6Imf0XzS2mbHADxofYuRtUWYGOqGZtWAT6sziUxbZUmDAWxCD2clU5LtYSeYQGKEwa8vnKVtLg==
Saigon University,Electrical Engineering,https://vertexaisearch.cloud.google.com/grounding-api-redirect/AUZIYQH2vx5xlrDYht7aW6v4sXEEMOQUTAYJskXo_-hB_d8o1JHvtSPv_LRSNAeY8QXdBg6x6Imf0XzS2mbHADxofYuRtUWYGOqGZtWAT6sziUxbZUmDAWxCD2clU5LtYSeYQGKEwa8vnKVtLg==
Saigon University,English Language,https://vertexaisearch.cloud.google.com/grounding-api-redirect/AUZIYQH2vx5xlrDYht7aW6v4sXEEMOQUTAYJskXo_-hB_d8o1JHvtSPv_LRSNAeY8QXdBg6x6Imf0XzS2mbHADxofYuRtUWYGOqGZtWAT6sziUxbZUmDAWxCD2clU5LtYSeYQGKEwa8vnKVtLg==
Saigon University,English Language Education,https://vertexaisearch.cloud.google.com/grounding-api-redirect/AUZIYQHjIcPMU-tLv1XokZTNcfIxq2kniQDlmwzw3nHR08_LQ-tNIPodw59GPeFg8A9v9s6j-5rY18XuKGoD_ukJEfQiqRiKzXFi1g-iRJUt5OxXFrr2LDlEe_wDICuyDWw1hMlNMNheBk9pJKhfqaD4DyOAoOfuMfGROW54lE-0Gkc=
Saigon University,Environmental Science,https://vertexaisearch.cloud.google.com/grounding-api-redirect/AUZIYQH2vx5xlrDYht7aW6v4sXEEMOQUTAYJskXo_-hB_d8o1JHvtSPv_LRSNAeY8QXdBg6x6Imf0XzS2mbHADxofYuRtUWYGOqGZtWAT6sziUxbZUmDAWxCD2clU5LtYSeYQGKEwa8vnKVtLg==
Saigon University,Finance and Accounting,https://vertexaisearch.cloud.google.com/grounding-api-redirect/AUZIYQH2vx5xlrDYht7aW6v4sXEEMOQUTAYJskXo_-hB_d8o1JHvtSPv_LRSNAeY8QXdBg6x6Imf0XzS2mbHADxofYuRtUWYGOqGZtWAT6sziUxbZUmDAWxCD2clU5LtYSeYQGKEwa8vnKVtLg==
Saigon University,Fine Arts,https://vertexaisearch.cloud.google.com/grounding-api-redirect/AUZIYQH2vx5xlrDYht7aW6v4sXEEMOQUTAYJskXo_-hB_d8o1JHvtSPv_LRSNAeY8QXdBg6x6Imf0XzS2mbHADxofYuRtUWYGOqGZtWAT6sziUxbZUmDAWxCD2clU5LtYSeYQGKEwa8vnKVtLg==
Saigon University,Fine Arts Education,https://vertexaisearch.cloud.google.com/grounding-api-redirect/AUZIYQHjIcPMU-tLv1XokZTNcfIxq2kniQDlmwzw3nHR08_LQ-tNIPodw59GPeFg8A9v9s6j-5rY18XuKGoD_ukJEfQiqRiKzXFi1g-iRJUt5OxXFrr2LDlEe_wDICuyDWw1hMlNMNheBk9pJKhfqaD4DyOAoOfuMfGROW54lE-0Gkc=
Saigon University,Foreign Languages,https://vertexaisearch.cloud.google.com/grounding-api-redirect/AUZIYQH2vx5xlrDYht7aW6v4sXEEMOQUTAYJskXo_-hB_d8o1JHvtSPv_LRSNAeY8QXdBg6x6Imf0XzS2mbHADxofYuRtUWYGOqGZtWAT6sziUxbZUmDAWxCD2clU5LtYSeYQGKEwa8vnKVtLg==
Saigon University,Geography,https://vertexaisearch.cloud.google.com/grounding-api-redirect/AUZIYQHjIcPMU-tLv1XokZTNcfIxq2kniQDlmwzw3nHR08_LQ-tNIPodw59GPeFg8A9v9s6j-5rY18XuKGoD_ukJEfQiqRiKzXFi1g-iRJUt5OxXFrr2LDlEe_wDICuyDWw1hMlNMNheBk9pJKhfqaD4DyOAoOfuMfGROW54lE-0Gkc=
Saigon University,Geography Education,https://vertexaisearch.cloud.google.com/grounding-api-redirect/AUZIYQHjIcPMU-tLv1XokZTNcfIxq2kniQDlmwzw3nHR08_LQ-tNIPodw59GPeFg8A9v9s6j-5rY18XuKGoD_ukJEfQiqRiKzXFi1g-iRJUt5OxXFrr2LDlEe_wDICuyDWw1hMlNMNheBk9pJKhfqaD4DyOAoOfuMfGROW54lE-0Gkc=
Saigon University,History,https://vertexaisearch.cloud.google.com/grounding-api-redirect/AUZIYQHjIcPMU-tLv1XokZTNcfIxq2kniQDlmwzw3nHR08_LQ-tNIPodw59GPeFg8A9v9s6j-5rY18XuKGoD_ukJEfQiqRiKzXFi1g-iRJUt5OxXFrr2LDlEe_wDICuyDWw1hMlNMNheBk9pJKhfqaD4DyOAoOfuMfGROW54lE-0Gkc=
Saigon University,History Education,https://vertexaisearch.cloud.google.com/grounding-api-redirect/AUZIYQHjIcPMU-tLv1XokZTNcfIxq2kniQDlmwzw3nHR08_LQ-tNIPodw59GPeFg8A9v9s6j-5rY18XuKGoD_ukJEfQiqRiKzXFi1g-iRJUt5OxXFrr2LDlEe_wDICuyDWw1hMlNMNheBk9pJKhfqaD4DyOAoOfuMfGROW54lE-0Gkc=
Saigon University,History and Geography Education,https://vertexaisearch.cloud.google.com/grounding-api-redirect/AUZIYQHjIcPMU-tLv1XokZTNcfIxq2kniQDlmwzw3nHR08_LQ-tNIPodw59GPeFg8A9v9s6j-5rY18XuKGoD_ukJEfQiqRiKzXFi1g-iRJUt5OxXFrr2LDlEe_wDICuyDWw1hMlNMNheBk9pJKhfqaD4DyOAoOfuMfGROW54lE-0Gkc=
Saigon University,Information Technology,https://vertexaisearch.cloud.google.com/grounding-api-redirect/AUZIYQH2vx5xlrDYht7aW6v4sXEEMOQUTAYJskXo_-hB_d8o1JHvtSPv_LRSNAeY8QXdBg6x6Imf0XzS2mbHADxofYuRtUWYGOqGZtWAT6sziUxbZUmDAWxCD2clU5LtYSeYQGKEwa8vnKVtLg==
Saigon University,International Relations,https://vertexaisearch.cloud.google.com/grounding-api-redirect/AUZIYQH2vx5xlrDYht7aW6v4sXEEMOQUTAYJskXo_-hB_d8o1JHvtSPv_LRSNAeY8QXdBg6x6Imf0XzS2mbHADxofYuRtUWYGOqGZtWAT6sziUxbZUmDAWxCD2clU5LtYSeYQGKEwa8vnKVtLg==
Saigon University,International Studies,https://vertexaisearch.cloud.google.com/grounding-api-redirect/AUZIYQH2vx5xlrDYht7aW6v4sXEEMOQUTAYJskXo_-hB_d8o1JHvtSPv_LRSNAeY8QXdBg6x6Imf0XzS2mbHADxofYuRtUWYGOqGZtWAT6sziUxbZUmDAWxCD2clU5LtYSeYQGKEwa8vnKVtLg==
Saigon University,Law,https://vertexaisearch.cloud.google.com/grounding-api-redirect/AUZIYQH2vx5xlrDYht7aW6v4sXEEMOQUTAYJskXo_-hB_d8o1JHvtSPv_LRSNAeY8QXdBg6x6Imf0XzS2mbHADxofYuRtUWYGOqGZtWAT6sziUxbZUmDAWxCD2clU5LtYSeYQGKEwa8vnKVtLg==
Saigon University,Library Science,https://vertexaisearch.cloud.google.com/grounding-api-redirect/AUZIYQH2vx5xlrDYht7aW6v4sXEEMOQUTAYJskXo_-hB_d8o1JHvtSPv_LRSNAeY8QXdBg6x6Imf0XzS2mbHADxofYuRtUWYGOqGZtWAT6sziUxbZUmDAWxCD2clU5LtYSeYQGKEwa8vnKVtLg==
Saigon University,Library Science and Office Management,https://vertexaisearch.cloud.google.com/grounding-api-redirect/AUZIYQH2vx5xlrDYht7aW6v4sXEEMOQUTAYJskXo_-hB_d8o1JHvtSPv_LRSNAeY8QXdBg6x6Imf0XzS2mbHADxofYuRtUWYGOqGZtWAT6sziUxbZUmDAWxCD2clU5LtYSeYQGKEwa8vnKVtLg==
Saigon University,Literature and Arts Education,https://vertexaisearch.cloud.google.com/grounding-api-redirect/AUZIYQHjIcPMU-tLv1XokZTNcfIxq2kniQDlmwzw3nHR08_LQ-tNIPodw59GPeFg8A9v9s6j-5rY18XuKGoD_ukJEfQiqRiKzXFi1g-iRJUt5OxXFrr2LDlEe_wDICuyDWw1hMlNMNheBk9pJKhfqaD4DyOAoOfuMfGROW54lE-0Gkc=
Saigon University,Mathematical Analysis,https://vertexaisearch.cloud.google.com/grounding-api-redirect/AUZIYQE07q6K4KnL-SL_ubq6zHFCsb8za_64NX38JlT_bkxsmzsIX5GMa4DTTB70ywbxNv1SLbzRvqvRE6FH9NuINs4z8i78Coltyg3G7b-QqfCEyEmStCOVEHgUSXYq_pGMXWtw3m3IVj_UK_8X5LxAfbNmE3mJ7ssuDpbtvcawbvA_raa2Cezri_ZzA0kW_pcn_J0vS87RIDr9h-J2Rw==
Saigon University,Mathematics Education,https://vertexaisearch.cloud.google.com/grounding-api-redirect/AUZIYQHjIcPMU-tLv1XokZTNcfIxq2kniQDlmwzw3nHR08_LQ-tNIPodw59GPeFg8A9v9s6j-5rY18XuKGoD_ukJEfQiqRiKzXFi1g-iRJUt5OxXFrr2LDlEe_wDICuyDWw1hMlNMNheBk9pJKhfqaD4DyOAoOfuMfGROW54lE-0Gkc=
Saigon University,Microchip Design,https://vertexaisearch.cloud.google.com/grounding-api-redirect/AUZIYQFwG7LBnIJDdSfz7MylwDS9LmDYURMZp_lx2MJ0qYxfu5CIKd5L7W9QN69Q3clIlGB6yDiTaKFtlxesiKAqKww5GNPmv0z1qbt5ir0i9zyBDJxWbtWR6HagmKwzyQX-BbY_-MSN9L3azrIRAQj8pAF5TbvbEGE=
Saigon University,Music Education,https://vertexaisearch.cloud.google.com/grounding-api-redirect/AUZIYQHjIcPMU-tLv1XokZTNcfIxq2kniQDlmwzw3nHR08_LQ-tNIPodw59GPeFg8A9v9s6j-5rY18XuKGoD_ukJEfQiqRiKzXFi1g-iRJUt5OxXFrr2LDlEe_wDICuyDWw1hMlNMNheBk9pJKhfqaD4DyOAoOfuMfGROW54lE-0Gkc=
Saigon University,National Defense Education and Physical Education,https://vertexaisearch.cloud.google.com/grounding-api-redirect/AUZIYQH2vx5xlrDYht7aW6v4sXEEMOQUTAYJskXo_-hB_d8o1JHvtSPv_LRSNAeY8QXdBg6x6Imf0XzS2mbHADxofYuRtUWYGOqGZtWAT6sziUxbZUmDAWxCD2clU5LtYSeYQGKEwa8vnKVtLg==
Saigon University,Natural Sciences Education,https://vertexaisearch.cloud.google.com/grounding-api-redirect/AUZIYQHjIcPMU-tLv1XokZTNcfIxq2kniQDlmwzw3nHR08_LQ-tNIPodw59GPeFg8A9v9s6j-5rY18XuKGoD_ukJEfQiqRiKzXFi1g-iRJUt5OxXFrr2LDlEe_wDICuyDWw1hMlNMNheBk9pJKhfqaD4DyOAoOfuMfGROW54lE-0Gkc=
Saigon University,Office Management,https://vertexaisearch.cloud.google.com/grounding-api-redirect/AUZIYQH2vx5xlrDYht7aW6v4sXEEMOQUTAYJskXo_-hB_d8o1JHvtSPv_LRSNAeY8QXdBg6x6Imf0XzS2mbHADxofYuRtUWYGOqGZtWAT6sziUxbZUmDAWxCD2clU5LtYSeYQGKEwa8vnKVtLg==
Saigon University,Organic Chemistry,https://vertexaisearch.cloud.google.com/grounding-api-redirect/AUZIYQE07q6K4KnL-SL_ubq6zHFCsb8za_64NX38JlT_bkxsmzsIX5GMa4DTTB70ywbxNv1SLbzRvqvRE6FH9NuINs4z8i78Coltyg3G7b-QqfCEyEmStCOVEHgUSXYq_pGMXWtw3m3IVj_UK_8X5LxAfbNmE3mJ7ssuDpbtvcawbvA_raa2Cezri_ZzA0kW_pcn_J0vS87RIDr9h-J2Rw==
Saigon University,Physics Education,https://vertexaisearch.cloud.google.com/grounding-api-redirect/AUZIYQHjIcPMU-tLv1XokZTNcfIxq2kniQDlmwzw3nHR08_LQ-tNIPodw59GPeFg8A9v9s6j-5rY18XuKGoD_ukJEfQiqRiKzXFi1g-iRJUt5OxXFrr2LDlEe_wDICuyDWw1hMlNMNheBk9pJKhfqaD4DyOAoOfuMfGROW54lE-0Gkc=
Saigon University,Political Education,https://vertexaisearch.cloud.google.com/grounding-api-redirect/AUZIYQH2vx5xlrDYht7aW6v4sXEEMOQUTAYJskXo_-hB_d8o1JHvtSPv_LRSNAeY8QXdBg6x6Imf0XzS2mbHADxofYuRtUWYGOqGZtWAT6sziUxbZUmDAWxCD2clU5LtYSeYQGKEwa8vnKVtLg==
Saigon University,Primary Education,https://vertexaisearch.cloud.google.com/grounding-api-redirect/AUZIYQH2vx5xlrDYht7aW6v4sXEEMOQUTAYJskXo_-hB_d8o1JHvtSPv_LRSNAeY8QXdBg6x6Imf0XzS2mbHADxofYuRtUWYGOqGZtWAT6sziUxbZUmDAWxCD2clU5LtYSeYQGKEwa8vnKVtLg==
Saigon University,Psychology,https://vertexaisearch.cloud.google.com/grounding-api-redirect/AUZIYQH2vx5xlrDYht7aW6v4sXEEMOQUTAYJskXo_-hB_d8o1JHvtSPv_LRSNAeY8QXdBg6x6Imf0XzS2mbHADxofYuRtUWYGOqGZtWAT6sziUxbZUmDAWxCD2clU5LtYSeYQGKEwa8vnKVtLg==
Saigon University,Social Sciences Education,https://vertexaisearch.cloud.google.com/grounding-api-redirect/AUZIYQH2vx5xlrDYht7aW6v4sXEEMOQUTAYJskXo_-hB_d8o1JHvtSPv_LRSNAeY8QXdBg6x6Imf0XzS2mbHADxofYuRtUWYGOqGZtWAT6sziUxbZUmDAWxCD2clU5LtYSeYQGKEwa8vnKVtLg==
Saigon University,Software Engineering,https://vertexaisearch.cloud.google.com/grounding-api-redirect/AUZIYQH2vx5xlrDYht7aW6v4sXEEMOQUTAYJskXo_-hB_d8o1JHvtSPv_LRSNAeY8QXdBg6x6Imf0XzS2mbHADxofYuRtUWYGOqGZtWAT6sziUxbZUmDAWxCD2clU5LtYSeYQGKEwa8vnKVtLg==
Saigon University,Technology Education,https://vertexaisearch.cloud.google.com/grounding-api-redirect/AUZIYQH2vx5xlrDYht7aW6v4sXEEMOQUTAYJskXo_-hB_d8o1JHvtSPv_LRSNAeY8QXdBg6x6Imf0XzS2mbHADxofYuRtUWYGOqGZtWAT6sziUxbZUmDAWxCD2clU5LtYSeYQGKEwa8vnKVtLg==
Saigon University,Vietnam Studies,https://vertexaisearch.cloud.google.com/grounding-api-redirect/AUZIYQH2vx5xlrDYht7aW6v4sXEEMOQUTAYJskXo_-hB_d8o1JHvtSPv_LRSNAeY8QXdBg6x6Imf0XzS2mbHADxofYuRtUWYGOqGZtWAT6sziUxbZUmDAWxCD2clU5LtYSeYQGKEwa8vnKVtLg==
Saigon University,Vocal Music,https://vertexaisearch.cloud.google.com/grounding-api-redirect/AUZIYQH2vx5xlrDYht7aW6v4sXEEMOQUTAYJskXo_-hB_d8o1JHvtSPv_LRSNAeY8QXdBg6x6Imf0XzS2mbHADxofYuRtUWYGOqGZtWAT6sziUxbZUmDAWxCD2clU5LtYSeYQGKEwa8vnKVtLg==
University of Economics and Law,Accounting,https://uel.edu.vn/khoa-ke-toan-kiem-toan/nganh-ke-toan
University of Economics and Law,Accounting and Data Analytics,https://uel.edu.vn/khoa-ke-toan-kiem-toan/nganh-ke-toan-va-phan-tich-du-lieu
University of Economics and Law,"Applied Mathematics in Economics, Management and Finance",https://uel.edu.vn/khoa-toan-kinh-te/nganh-toan-ung-dung-trong-kinh-te-quan-tri-va-tai-chinh
University of Economics and Law,Auditing,https://uel.edu.vn/khoa-ke-toan-kiem-toan/nganh-kiem-toan
University of Economics and Law,Business Administration,https://uel.edu.vn/khoa-quan-tri-kinh-doanh/nganh-quan-tri-kinh-doanh
University of Economics and Law,Data Analytics,https://uel.edu.vn/khoa-toan-kinh-te/nganh-phan-tich-du-lieu
University of Economics and Law,Digital Business and Artificial Intelligence,https://uel.edu.vn/khoa-he-thong-thong-tin/nganh-kinh-doanh-so-va-tri-tue-nhan-tao
University of Economics and Law,Digital Economics,https://uel.edu.vn/khoa-kinh-te/nganh-kinh-te-so
University of Economics and Law,E-commerce,https://uel.edu.vn/khoa-he-thong-thong-tin/nganh-thuong-mai-dien-tu
University of Economics and Law,Economic Law,https://uel.edu.vn/khoa-luat-kinh-te/nganh-luat-kinh-te
University of Economics and Law,Economics,https://uel.edu.vn/khoa-kinh-te/nganh-kinh-te-hoc
University of Economics and Law,Finance - Banking,https://uel.edu.vn/khoa-tai-chinh-ngan-hang/nganh-tai-chinh-ngan-hang
University of Economics and Law,Financial Technology,https://uel.edu.vn/khoa-tai-chinh-ngan-hang/nganh-cong-nghe-tai-chinh
University of Economics and Law,International Business,https://uel.edu.vn/khoa-quan-tri-kinh-doanh/nganh-kinh-doanh-quoc-te
University of Economics and Law,International Commercial Law,https://uel.edu.vn/khoa-luat-kinh-te/nganh-luat-thuong-mai-quoc-te
University of Economics and Law,International Economics,https://uel.edu.vn/khoa-kinh-te-quoc-te/nganh-kinh-te-doi-ngoai
University of Economics and Law,Law,https://uel.edu.vn/khoa-luat/nganh-luat
University of Economics and Law,Law and Public Policy,https://uel.edu.vn/khoa-luat/nganh-luat-va-chinh-sach-cong
University of Economics and Law,Law and Technology,https://uel.edu.vn/khoa-luat/nganh-luat-va-cong-nghe
University of Economics and Law,Management Information Systems,https://uel.edu.vn/khoa-he-thong-thong-tin/nganh-he-thong-thong-tin-quan-ly
University of Economics and Law,Marketing,https://uel.edu.vn/khoa-quan-tri-kinh-doanh/nganh-marketing
University of Economics and Law,Public Economics and Management,https://uel.edu.vn/khoa-kinh-te/nganh-kinh-te-va-quan-ly-cong
University of Economics and Law,Tourism and Travel Management,https://uel.edu.vn/khoa-quan-tri-kinh-doanh/nganh-quan-tri-du-lich-va-lu-hanh
University of London,BSc Accounting and Finance,https://london.ac.uk/study/where-to-study/vietnam
University of London,BSc Business and Management,https://london.ac.uk/study/where-to-study/vietnam
University of London,BSc Data Science and Business Analytics,https://london.ac.uk/study/where-to-study/vietnam
University of London,BSc Economics,https://london.ac.uk/study/where-to-study/vietnam
University of London,BSc Economics and Finance,https://london.ac.uk/study/where-to-study/vietnam
University of London,BSc Economics and Management,https://london.ac.uk/study/where-to-study/vietnam
University of London,BSc Finance,https://london.ac.uk/study/where-to-study/vietnam
University of London,Global MBA,https://london.ac.uk/study/where-to-study/vietnam
University of Medicine and Pharmacy at Ho Chi Minh City,Dental Prosthetics,https://ump.edu.vn/tuyen-sinh-2020/cac-nganh-dao-tao/ky-thuat-phuc-hinh-rang
University of Medicine and Pharmacy at Ho Chi Minh City,Medical Imaging Technology,https://ump.edu.vn/tuyen-sinh-2020/cac-nganh-dao-tao/ky-thuat-hinh-anh-y-hoc
University of Medicine and Pharmacy at Ho Chi Minh City,Medical Laboratory Technology,https://ump.edu.vn/tuyen-sinh-2020/cac-nganh-dao-tao/ky-thuat-xet-nghiem-y-hoc
University of Medicine and Pharmacy at Ho Chi Minh City,Medicine,https://ump.edu.vn/tuyen-sinh-2020/cac-nganh-dao-tao/y-khoa
University of Medicine and Pharmacy at Ho Chi Minh City,Midwifery,https://ump.edu.vn/tuyen-sinh-dao-tao/dai-hoc/dao-tao/nganh-hoc-chuan-dau-ra
University of Medicine and Pharmacy at Ho Chi Minh City,Nursing,https://ump.edu.vn/tuyen-sinh-2020/cac-nganh-dao-tao/dieu-duong
University of Medicine and Pharmacy at Ho Chi Minh City,"Nursing, major in Anesthesia and Resuscitation",https://ump.edu.vn/tuyen-sinh-2020/cac-nganh-dao-tao/dieu-duong-chuyen-nganh-gay-me-hoi-suc
University of Medicine and Pharmacy at Ho Chi Minh City,"Nursing, major in Midwifery",https://ump.edu.vn/tuyen-sinh-2020/cac-nganh-dao-tao/dieu-duong-chuyen-nganh-ho-sinh
University of Medicine and Pharmacy at Ho Chi Minh City,Nutrition,https://ump.edu.vn/tuyen-sinh-2020/cac-nganh-dao-tao/dinh-duong
University of Medicine and Pharmacy at Ho Chi Minh City,Odonto-Stomatology,https://ump.edu.vn/tuyen-sinh-2020/cac-nganh-dao-tao/rang-ham-mat
University of Medicine and Pharmacy at Ho Chi Minh City,Pharmaceutical Chemistry,https://ump.edu.vn/tuyen-sinh-dao-tao/dai-hoc/dao-tao/nganh-hoc-chuan-dau-ra
University of Medicine and Pharmacy at Ho Chi Minh City,Pharmacy,https://ump.edu.vn/tuyen-sinh-2020/cac-nganh-dao- tao/duoc-hoc
University of Medicine and Pharmacy at Ho Chi Minh City,Preventive Medicine,https://ump.edu.vn/tuyen-sinh-2020/cac-nganh-dao-tao/y-hoc-du-phong
University of Medicine and Pharmacy at Ho Chi Minh City,Public Health,https://ump.edu.vn/tuyen-sinh-2020/cac-nganh-dao-tao/y-te-cong-cong
University of Medicine and Pharmacy at Ho Chi Minh City,Rehabilitation Technology,https://ump.edu.vn/tuyen-sinh-2020/cac-nganh-dao-tao/ky-thuat-phuc-hoi-chuc-nang
University of Medicine and Pharmacy at Ho Chi Minh City,Social Work,https://ump.edu.vn/tuyen-sinh-dao-tao/dai-hoc/dao-tao/nganh-hoc-chuan-dau-ra
University of Medicine and Pharmacy at Ho Chi Minh City,Traditional Medicine,https://ump.edu.vn/tuyen-sinh-2020/cac-nganh-dao-tao/y-hoc-co-truyen
University of Science and Technology of Hanoi,Advanced Materials Science and Nanotechnology,https://usth.edu.vn/en/training/bachelor/
University of Science and Technology of Hanoi,Aeronautical Engineering,https://usth.edu.vn/en/training/bachelor/
University of Science and Technology of Hanoi,Applied Environmental Sciences,https://usth.edu.vn/en/training/bachelor/
University of Science and Technology of Hanoi,Applied Mathematics,https://usth.edu.vn/en/training/bachelor/
University of Science and Technology of Hanoi,Automotive Engineering,https://usth.edu.vn/en/training/bachelor/
University of Science and Technology of Hanoi,Biotechnology – Drug discovery,https://usth.edu.vn/en/training/bachelor/
University of Science and Technology of Hanoi,Chemistry,https://usth.edu.vn/en/training/bachelor/
University of Science and Technology of Hanoi,Cyber Security,https://usth.edu.vn/en/training/bachelor/
University of Science and Technology of Hanoi,Data Science,https://usth.edu.vn/en/training/bachelor/
University of Science and Technology of Hanoi,Double Bachelor's degree program in Biotechnology – Drug discovery,https://usth.edu.vn/en/training/bachelor/
University of Science and Technology of Hanoi,Double Bachelor's degree program in Chemistry,https://usth.edu.vn/en/training/bachelor/
University of Science and Technology of Hanoi,Double Bachelor's degree program in Information and Communication Technology,https://usth.edu.vn/en/training/bachelor/
University of Science and Technology of Hanoi,Electrical Engineering and Renewable Energy,https://usth.edu.vn/en/training/bachelor/
University of Science and Technology of Hanoi,Food Science and Technology,https://usth.edu.vn/en/training/bachelor/
University of Science and Technology of Hanoi,Information and Communication Technology,https://usth.edu.vn/en/training/bachelor/
University of Science and Technology of Hanoi,Master in Advanced Materials Science and Nanotechnology,https://usth.edu.vn/en/training/master/
University of Science and Technology of Hanoi,Master in Applied Environmental Sciences,https://usth.edu.vn/en/training/master/
University of Science and Technology of Hanoi,Master in Applied Mathematics,https://usth.edu.vn/en/training/master/
University of Science and Technology of Hanoi,Master in Food Safety and Quality Assurance,https://usth.edu.vn/en/training/master/
University of Science and Technology of Hanoi,Master in Information and Communication Technology,https://usth.edu.vn/en/training/master/
University of Science and Technology of Hanoi,Master in Medical Biotechnology – Plant Biotechnology – Pharmacology,https://usth.edu.vn/en/training/master/
University of Science and Technology of Hanoi,Master in SPACE: Earth Observation – Astrophysics – Satellite Technologies,https://usth.edu.vn/en/training/master/
University of Science and Technology of Hanoi,Master of Science Aeronautics – International Air Transport Operations Management,https://usth.edu.vn/en/training/master/
University of Science and Technology of Hanoi,Mechatronics Engineering Technology,https://usth.edu.vn/en/training/bachelor/
University of Science and Technology of Hanoi,Medical Science and Technology,https://usth.edu.vn/en/training/bachelor/
University of Science and Technology of Hanoi,Pharmacy,https://usth.edu.vn/en/training/bachelor/
University of Science and Technology of Hanoi,Semiconductor and IC Technology,https://usth.edu.vn/en/training/bachelor/
University of Science and Technology of Hanoi,Space Science and Satellite Technology,https://usth.edu.vn/en/training/bachelor/
University of Staffordshire,BA (Hons) Contemporary Creative Practice: Animation,https://www.buv.edu.vn/undergraduate/ba-hons-contemporary-creative-practice/
University of Staffordshire,BA (Hons) Contemporary Creative Practice: Graphic Design,https://www.buv.edu.vn/undergraduate/ba-hons-contemporary-creative-practice/
University of Staffordshire,BA (Hons) Contemporary Creative Practice: Illustration,https://www.buv.edu.vn/undergraduate/ba-hons-contemporary-creative-practice/
University of Staffordshire,BA (Hons) Contemporary Creative Practice: Photography,https://www.buv.edu.vn/undergraduate/ba-hons-contemporary-creative-practice/
University of Staffordshire,BA (Hons) Events Management,https://www.buv.edu.vn/undergraduate/ba-hons-events-management/
University of Staffordshire,BA (Hons) Finance and Economics,https://www.buv.edu.vn/undergraduate/bachelor-in-finance-and-economics/
University of Staffordshire,BA (Hons) Games Art,https://www.buv.edu.vn/undergraduate/ba-hons-games-art/
University of Staffordshire,BA (Hons) International Tourism Management,https://www.buv.edu.vn/undergraduate/ba-hons-international-tourism-management/
University of Staffordshire,BA (Hons) Marketing Management,https://www.buv.edu.vn/undergraduate/ba-hons-marketing-management/
University of Staffordshire,BSc (Hons) Accounting and Finance,https://www.buv.edu.vn/undergraduate/bsc-hons-accounting-and-finance/
University of Staffordshire,BSc (Hons) Computer Games Design and Programming,https://www.buv.edu.vn/undergraduate/bsc-hons-computer-games-design-and-programming/
University of Staffordshire,BSc (Hons) Computer Science: Cloud Technologies,https://www.buv.edu.vn/undergraduate/bsc-hons-computer-science/
University of Staffordshire,BSc (Hons) Computer Science: Cyber Security,https://www.buv.edu.vn/undergraduate/bsc-hons-computer-science/
University of Staffordshire,BSc (Hons) Digital Social Media Marketing,https://www.buv.edu.vn/undergraduate/bsc-hons-digital-social-media-marketing/
University of Staffordshire,BSc (Hons) International Business Management,https://www.buv.edu.vn/undergraduate/bsc-hons-international-business-management/
University of Staffordshire,Master of Business Administration (MBA),https://www.buv.edu.vn/postgraduate/master-of-business-administration-mba/
University of Stirling,Accounting and Finance,https://www.stir.ac.uk/courses/by-subject/accounting-and-finance/
University of Stirling,Aquaculture,https://www.stir.ac.uk/courses/by-subject/aquaculture/
University of Stirling,Biology,https://www.stir.ac.uk/courses/by-subject/biology/
University of Stirling,Business and Management,https://www.stir.ac.uk/courses/by-subject/business-and-management/
University of Stirling,Computer Science and Software Engineering,https://www.stir.ac.uk/courses/by-subject/computer-science-and-software-engineering/
University of Stirling,Criminology,https://www.stir.ac.uk/courses/by-subject/criminology/
University of Stirling,Data Science and Data Analytics,https://www.stir.ac.uk/courses/by-subject/data-science-and-data-analytics/
University of Stirling,Economics,https://www.stir.ac.uk/courses/by-subject/economics/
University of Stirling,English and Literature,https://www.stir.ac.uk/courses/by-subject/english-and-literature/
University of Stirling,Environmental Science,https://www.stir.ac.uk/courses/by-subject/environmental-science/
University of Stirling,Film and Media Studies,https://www.stir.ac.uk/courses/by-subject/film-and-media-studies/
University of Stirling,Geography,https://www.stir.ac.uk/courses/by-subject/geography/
University of Stirling,Health and Allied Subjects,https://www.stir.ac.uk/courses/by-subject/health-and-allied-subjects/
University of Stirling,History,https://www.stir.ac.uk/courses/by-subject/history/
University of Stirling,Journalism and Publishing,https://www.stir.ac.uk/courses/by-subject/journalism-and-publishing/
University of Stirling,Languages and TESOL,https://www.stir.ac.uk/courses/by-subject/languages-and-tesol/
University of Stirling,Law,https://www.stir.ac.uk/courses/by-subject/law/
University of Stirling,Marketing and Public Relations (PR),https://www.stir.ac.uk/courses/by-subject/marketing-and-public-relations-pr/
University of Stirling,Mathematics,https://www.stir.ac.uk/courses/by-subject/mathematics/
University of Stirling,Nursing,https://www.stir.ac.uk/courses/by-subject/nursing/
University of Stirling,Philosophy,https://www.stir.ac.uk/courses/by-subject/philosophy/
University of Stirling,Politics,https://www.stir.ac.uk/courses/by-subject/politics/
University of Stirling,Psychology,https://www.stir.ac.uk/courses/by-subject/psychology/
University of Stirling,Social Studies,https://www.stir.ac.uk/courses/by-subject/social-studies/
University of Stirling,Sport,https://www.stir.ac.uk/courses/by-subject/sport/
University of Stirling,Teaching and Education,https://www.stir.ac.uk/courses/by-subject/teaching-and-education/
VNU University of Economics and Business,Accounting,https://ueb.edu.vn/
VNU University of Economics and Business,Business Administration,https://ueb.edu.vn/
VNU University of Economics and Business,Development Economics,https://ueb.edu.vn/
VNU University of Economics and Business,Economic Management,https://ueb.edu.vn/
VNU University of Economics and Business,Economics,https://ueb.edu.vn/
VNU University of Economics and Business,Finance and Banking,https://ueb.edu.vn/
VNU University of Economics and Business,International Economics,https://ueb.edu.vn/
VNU University of Economics and Business,"Joint Bachelor's Program in Business Administration (VNU-UEB and Troy University, USA)",https://ueb.edu.vn/
VNU University of Economics and Business,"Joint Bachelor's Program in Business Administration (VNU-UEB and University of St. Francis, USA)",https://ueb.edu.vn/
VNU University of Economics and Business,"Joint Master's Program in Business Administration (with Troy University and North Central University, US)",https://ueb.edu.vn/
VNU University of Economics and Business,"Master in Economic Expertise and Management of International Projects (with Paris 12 University, France)",https://ueb.edu.vn/
VNU University of Economics and Business,Master's Program in Accounting,https://ueb.edu.vn/
VNU University of Economics and Business,Master's Program in Business Administration,https://ueb.edu.vn/
VNU University of Economics and Business,Master's Program in Finance and Banking,https://ueb.edu.vn/
VNU University of Economics and Business,Master's Program in Financial Technology (FinTech),https://ueb.edu.vn/
VNU University of Economics and Business,Master's Program in International Economics,https://ueb.edu.vn/
VNU University of Economics and Business,Master's Program in Public Policy and Development,https://ueb.edu.vn/
VNU University of Economics and Business,Political Economy,https://ueb.edu.vn/
VNU University of Engineering and Technology,Communications and Computer Networks,https://e.uet.vnu.edu.vn/academic-programs/
VNU University of Engineering and Technology,Computer Science,https://e.uet.vnu.edu.vn/academic-programs/
VNU University of Engineering and Technology,Electronics Engineering,https://e.uet.vnu.edu.vn/academic-programs/
VNU University of Engineering and Technology,Electronics and Communication Engineering,https://e.uet.vnu.edu.vn/academic-programs/
VNU University of Engineering and Technology,Engineering Mechanics,https://e.uet.vnu.edu.vn/academic-programs/
VNU University of Engineering and Technology,Engineering Physics,https://e.uet.vnu.edu.vn/academic-programs/
VNU University of Engineering and Technology,Information Systems,https://e.uet.vnu.edu.vn/academic-programs/
VNU University of Engineering and Technology,Information Technology,https://e.uet.vnu.edu.vn/academic-programs/
VNU University of Engineering and Technology,Mechanics of Fluids,https://e.uet.vnu.edu.vn/academic-programs/
VNU University of Engineering and Technology,Mechanics of Solids,https://e.uet.vnu.edu.vn/academic-programs/
VNU University of Engineering and Technology,Mechatronics,https://e.uet.vnu.edu.vn/academic-programs/
VNU University of Engineering and Technology,Mechatronics Engineering,https://e.uet.vnu.edu.vn/academic-programs/
VNU University of Engineering and Technology,Nano Materials and Devices,https://e.uet.vnu.edu.vn/academic-programs/
VNU University of Engineering and Technology,Nanobiotechnology,https://e.uet.vnu.edu.vn/academic-programs/
VNU University of Engineering and Technology,Software Engineering,https://e.uet.vnu.edu.vn/academic-programs/
VNU University of Engineering and Technology,Telecommunications Engineering,https://e.uet.vnu.edu.vn/academic-programs/
VNU University of Languages and International Studies,Arabic Language,https://ulis.vnu.edu.vn/dao-tao/dao-tao-dai-hoc/
VNU University of Languages and International Studies,Arabic Language and Arabophone Cultures,https://ulis.vnu.edu.vn/dao-tao/dao-tao-dai-hoc/
VNU University of Languages and International Studies,Business Administration,https://ulis.vnu.edu.vn/dao-tao/dao-tao-dai-hoc/
VNU University of Languages and International Studies,Chinese Language,https://ulis.vnu.edu.vn/dao-tao/dao-tao-dai-hoc/
VNU University of Languages and International Studies,Chinese Language Education,https://ulis.vnu.edu.vn/dao-tao/dao-tao-dai-hoc/
VNU University of Languages and International Studies,Chinese Language and Sinophone Cultures,https://ulis.vnu.edu.vn/dao-tao/dao-tao-dai-hoc/
VNU University of Languages and International Studies,English Language,https://ulis.vnu.edu.vn/dao-tao/dao-tao-dai-hoc/
VNU University of Languages and International Studies,English Language Education,https://ulis.vnu.edu.vn/dao-tao/dao-tao-dai-hoc/
VNU University of Languages and International Studies,English Language and Anglophone Cultures,https://ulis.vnu.edu.vn/dao-tao/dao-tao-dai-hoc/
VNU University of Languages and International Studies,French Language,https://ulis.vnu.edu.vn/dao-tao/dao-tao-dai-hoc/
VNU University of Languages and International Studies,French Language Education,https://ulis.vnu.edu.vn/dao-tao/dao-tao-dai-hoc/
VNU University of Languages and International Studies,French Language and Francophone Cultures,https://ulis.vnu.edu.vn/dao-tao/dao-tao-dai-hoc/
VNU University of Languages and International Studies,German Language,https://ulis.vnu.edu.vn/dao-tao/dao-tao-dai-hoc/
VNU University of Languages and International Studies,German Language Education,https://ulis.vnu.edu.vn/dao-tao/dao-tao-dai-hoc/
VNU University of Languages and International Studies,German Language and Germanophone Cultures,https://ulis.vnu.edu.vn/dao-tao/dao-tao-dai-hoc/
VNU University of Languages and International Studies,Information Technology,https://ulis.vnu.edu.vn/dao-tao/dao-tao-dai-hoc/
VNU University of Languages and International Studies,International Economics,https://ulis.vnu.edu.vn/dao-tao/dao-tao-dai-hoc/
VNU University of Languages and International Studies,International Law,https://ulis.vnu.edu.vn/dao-tao/dao-tao-dai-hoc/
VNU University of Languages and International Studies,International Studies,https://ulis.vnu.edu.vn/dao-tao/dao-tao-dai-hoc/
VNU University of Languages and International Studies,Japanese Language,https://ulis.vnu.edu.vn/dao-tao/dao-tao-dai-hoc/
VNU University of Languages and International Studies,Japanese Language Education,https://ulis.vnu.edu.vn/dao-tao/dao-tao-dai-hoc/
VNU University of Languages and International Studies,Japanese Language and Japanophone Cultures,https://ulis.vnu.edu.vn/dao-tao/dao-tao-dai-hoc/
VNU University of Languages and International Studies,Korean Language,https://ulis.vnu.edu.vn/dao-tao/dao-tao-dai-hoc/
VNU University of Languages and International Studies,Korean Language Education,https://ulis.vnu.edu.vn/dao-tao/dao-tao-dai-hoc/
VNU University of Languages and International Studies,Korean Language and Koreanophone Cultures,https://ulis.vnu.edu.vn/dao-tao/dao-tao-dai-hoc/
VNU University of Languages and International Studies,Master of Chinese Language,https://ulis.vnu.edu.vn/dao-tao/dao-tao-sau-dai-hoc/
VNU University of Languages and International Studies,Master of English Language,https://ulis.vnu.edu.vn/dao-tao/dao-tao-sau-dai-hoc/
VNU University of Languages and International Studies,Master of English Language Teaching Methodology,https://ulis.vnu.edu.vn/dao-tao/dao-tao-sau-dai-hoc/
VNU University of Languages and International Studies,Master of French Language,https://ulis.vnu.edu.vn/dao-tao/dao-tao-sau-dai-hoc/
VNU University of Languages and International Studies,Master of German Language,https://ulis.vnu.edu.vn/dao-tao/dao-tao-sau-dai-hoc/
VNU University of Languages and International Studies,Master of International Studies,https://ulis.vnu.edu.vn/dao-tao/dao-tao-sau-dai-hoc/
VNU University of Languages and International Studies,Master of Japanese Language,https://ulis.vnu.edu.vn/dao-tao/dao-tao-sau-dai-hoc/
VNU University of Languages and International Studies,Master of Korean Language,https://ulis.vnu.edu.vn/dao-tao/dao-tao-sau-dai-hoc/
VNU University of Languages and International Studies,Master of Russian Language,https://ulis.vnu.edu.vn/dao-tao/dao-tao-sau-dai-hoc/
VNU University of Languages and International Studies,Master of Translation and Interpretation,https://ulis.vnu.edu.vn/dao-tao/dao-tao-sau-dai-hoc/
VNU University of Languages and International Studies,Russian Language,https://ulis.vnu.edu.vn/dao-tao/dao-tao-dai-hoc/
VNU University of Languages and International Studies,Russian Language Education,https://ulis.vnu.edu.vn/dao-tao/dao-tao-dai-hoc/
VNU University of Languages and International Studies,Russian Language and Russophone Cultures,https://ulis.vnu.edu.vn/dao-tao/dao-tao-dai-hoc/
VNU University of Languages and International Studies,Tourism,https://ulis.vnu.edu.vn/dao-tao/dao-tao-dai-hoc/
VNU University of Languages and International Studies,Translation and Interpretation,https://ulis.vnu.edu.vn/dao-tao/dao-tao-dai-hoc/
VNU University of Science,Advanced Program in Chemistry,https://english.hus.vnu.edu.vn/
VNU University of Science,Advanced Program in Environmental Science,https://english.hus.vnu.edu.vn/
VNU University of Science,Applied Mathematics (Master's),https://english.hus.vnu.edu.vn/
VNU University of Science,Biology,https://english.hus.vnu.edu.vn/
VNU University of Science,Biopharmaceutical Science,https://english.hus.vnu.edu.vn/
VNU University of Science,Biotechnology,https://english.hus.vnu.edu.vn/
VNU University of Science,Chemical Engineering and Technology,https://english.hus.vnu.edu.vn/
VNU University of Science,Chemistry,https://english.hus.vnu.edu.vn/
VNU University of Science,Computer and Information Science,https://english.hus.vnu.edu.vn/
VNU University of Science,Data Science,https://english.hus.vnu.edu.vn/
VNU University of Science,Electronics Engineering and Informatics,https://english.hus.vnu.edu.vn/
VNU University of Science,Elementary Mathematics Methods (Master's),https://english.hus.vnu.edu.vn/
VNU University of Science,Environmental Engineering,https://english.hus.vnu.edu.vn/
VNU University of Science,Environmental Sciences,https://english.hus.vnu.edu.vn/
VNU University of Science,Food Science and Technology,https://english.hus.vnu.edu.vn/
VNU University of Science,Geological Engineering,https://english.hus.vnu.edu.vn/
VNU University of Science,Geology,https://english.hus.vnu.edu.vn/
VNU University of Science,Geospatial Information Science,https://english.hus.vnu.edu.vn/
VNU University of Science,Honor Program in Biotechnology,https://english.hus.vnu.edu.vn/
VNU University of Science,Honor Program in Chemical Engineering and Technology,https://english.hus.vnu.edu.vn/
VNU University of Science,Honor Program in Computer and Information Science,https://english.hus.vnu.edu.vn/
VNU University of Science,Honor Program in Environmental Science,https://english.hus.vnu.edu.vn/
VNU University of Science,Honor Program in Geology,https://english.hus.vnu.edu.vn/
VNU University of Science,Honor Program in Hydrology,https://english.hus.vnu.edu.vn/
VNU University of Science,Honor Program in Meteorology,https://english.hus.vnu.edu.vn/
VNU University of Science,Honor Program in Oceanography,https://english.hus.vnu.edu.vn/
VNU University of Science,Honor Program in Pharmaceutical Chemistry,https://english.hus.vnu.edu.vn/
VNU University of Science,Honor Program in Physical Geography,https://english.hus.vnu.edu.vn/
VNU University of Science,Hydrology,https://english.hus.vnu.edu.vn/
VNU University of Science,International Standard Program in Biology,https://english.hus.vnu.edu.vn/
VNU University of Science,International Standard Program in Geology,https://english.hus.vnu.edu.vn/
VNU University of Science,International Standard Program in Physics,https://english.hus.vnu.edu.vn/
VNU University of Science,Land Management,https://english.hus.vnu.edu.vn/
VNU University of Science,Management of Resources and Environment,https://english.hus.vnu.edu.vn/
VNU University of Science,Marine Engineering,https://english.hus.vnu.edu.vn/
VNU University of Science,Materials Science,https://english.hus.vnu.edu.vn/
VNU University of Science,Mathematical Foundations (Master's),https://english.hus.vnu.edu.vn/
VNU University of Science,Mathematics,https://english.hus.vnu.edu.vn/
VNU University of Science,Mathematics (Master's),https://english.hus.vnu.edu.vn/
VNU University of Science,Mechanics – Mathematics,https://english.hus.vnu.edu.vn/
VNU University of Science,Meteorology and Climatology,https://english.hus.vnu.edu.vn/
VNU University of Science,Nuclear Technology and Engineering,https://english.hus.vnu.edu.vn/
VNU University of Science,"Occupational Safety, Health and Environment",https://english.hus.vnu.edu.vn/
VNU University of Science,Oceanography,https://english.hus.vnu.edu.vn/
VNU University of Science,Pharmaceutical Chemistry,https://english.hus.vnu.edu.vn/
VNU University of Science,Physical Geography,https://english.hus.vnu.edu.vn/
VNU University of Science,Physics,https://english.hus.vnu.edu.vn/
VNU University of Science,Semiconductor Technology,https://english.hus.vnu.edu.vn/
VNU University of Science,Soil Sciences,https://english.hus.vnu.edu.vn/
VNU University of Science,Talented Program in Biology,https://english.hus.vnu.edu.vn/
VNU University of Science,Talented Program in Chemistry,https://english.hus.vnu.edu.vn/
VNU University of Science,Talented Program in Mathematics,https://english.hus.vnu.edu.vn/
VNU University of Science,Talented Program in Physics,https://english.hus.vnu.edu.vn/
VNU University of Science,Urban Development Management and Real Estate,https://english.hus.vnu.edu.vn/
VNU University of Science,Water Resources and Environment,https://english.hus.vnu.edu.vn/
VNU University of Social Sciences and Humanities,Accounting,https://ussh.vnu.edu.vn/vi/dao-tao/dao-tao-dai-hoc.html
VNU University of Social Sciences and Humanities,Anthropology,https://ussh.vnu.edu.vn/vi/dao-tao/dao-tao-dai-hoc.html
VNU University of Social Sciences and Humanities,Archival Studies,https://ussh.vnu.edu.vn/vi/dao-tao/dao-tao-dai-hoc.html
VNU University of Social Sciences and Humanities,Business Administration,https://ussh.vnu.edu.vn/vi/dao-tao/dao-tao-dai-hoc.html
VNU University of Social Sciences and Humanities,Cultural Studies,https://ussh.vnu.edu.vn/vi/dao-tao/dao-tao-dai-hoc.html
VNU University of Social Sciences and Humanities,Doctor of Philosophy in Anthropology,https://ussh.vnu.edu.vn/vi/dao-tao/dao-tao-sau-dai-hoc/chuong-trinh-dao-tao-tien-si-chuyen-nganh-nhan-hoc-22362.html
VNU University of Social Sciences and Humanities,Education Science,https://ussh.vnu.edu.vn/vi/dao-tao/dao-tao-dai-hoc.html
VNU University of Social Sciences and Humanities,Educational Management,https://ussh.vnu.edu.vn/vi/dao-tao/dao-tao-dai-hoc.html
VNU University of Social Sciences and Humanities,Finance - Banking,https://ussh.vnu.edu.vn/vi/dao-tao/dao-tao-dai-hoc.html
VNU University of Social Sciences and Humanities,Geography,https://ussh.vnu.edu.vn/vi/dao-tao/dao-tao-dai-hoc.html
VNU University of Social Sciences and Humanities,Han Nom Studies,https://ussh.vnu.edu.vn/vi/dao-tao/dao-tao-dai-hoc.html
VNU University of Social Sciences and Humanities,History,https://ussh.vnu.edu.vn/vi/dao-tao/dao-tao-dai-hoc.html
VNU University of Social Sciences and Humanities,Information Management,https://ussh.vnu.edu.vn/vi/dao-tao/dao-tao-dai-hoc.html
VNU University of Social Sciences and Humanities,Information Technology,https://ussh.vnu.edu.vn/vi/dao-tao/dao-tao-dai-hoc.html
VNU University of Social Sciences and Humanities,Information and Library Science,https://ussh.vnu.edu.vn/vi/dao-tao/dao-tao-dai-hoc.html
VNU University of Social Sciences and Humanities,International Business,https://ussh.vnu.edu.vn/vi/dao-tao/dao-tao-dai-hoc.html
VNU University of Social Sciences and Humanities,International Economics,https://ussh.vnu.edu.vn/vi/dao-tao/dao-tao-dai-hoc.html
VNU University of Social Sciences and Humanities,International Studies,https://ussh.vnu.edu.vn/vi/dao-tao/dao-tao-dai-hoc.html
VNU University of Social Sciences and Humanities,Journalism,https://ussh.vnu.edu.vn/vi/dao-tao/dao-tao-dai-hoc.html
VNU University of Social Sciences and Humanities,Law,https://ussh.vnu.edu.vn/vi/dao-tao/dao-tao-dai-hoc.html
VNU University of Social Sciences and Humanities,Linguistics,https://ussh.vnu.edu.vn/vi/dao-tao/dao-tao-dai-hoc.html
VNU University of Social Sciences and Humanities,Literature,https://ussh.vnu.edu.vn/vi/dao-tao/dao-tao-dai-hoc.html
VNU University of Social Sciences and Humanities,Management Science,https://ussh.vnu.edu.vn/vi/dao-tao/dao-tao-dai-hoc.html
VNU University of Social Sciences and Humanities,Master in Anthropology,https://ussh.vnu.edu.vn/vi/dao-tao/dao-tao-sau-dai-hoc.html
VNU University of Social Sciences and Humanities,Master in Application-oriented Archival Studies,https://ussh.vnu.edu.vn/vi/dao-tao/dao-tao-sau-dai-hoc.html
VNU University of Social Sciences and Humanities,Master in Application-oriented Information and Library Science,https://ussh.vnu.edu.vn/vi/dao-tao/dao-tao-sau-dai-hoc.html
VNU University of Social Sciences and Humanities,Master in Application-oriented Science and Technology Management,https://ussh.vnu.edu.vn/vi/dao-tao/dao-tao-sau-dai-hoc.html
VNU University of Social Sciences and Humanities,Master in Cultural Management,https://ussh.vnu.edu.vn/vi/dao-tao/dao-tao-sau-dai-hoc.html
VNU University of Social Sciences and Humanities,Master in History,https://ussh.vnu.edu.vn/vi/dao-tao/dao-tao-sau-dai-hoc.html
VNU University of Social Sciences and Humanities,Master in International Relations,https://ussh.vnu.edu.vn/vi/dao-tao/dao-tao-sau-dai-hoc.html
VNU University of Social Sciences and Humanities,Master in Journalism and Media Management,https://ussh.vnu.edu.vn/vi/dao-tao/dao-tao-sau-dai-hoc.html
VNU University of Social Sciences and Humanities,Master in Linguistics,https://ussh.vnu.edu.vn/vi/dao-tao/chuong-trinh-dao-tao-thac-si/chuong-trinh-dao-tao-trinh-do-thac-si-nganh-ngon-ngu-hoc-nam-2023-22364.html
VNU University of Social Sciences and Humanities,Master in Management Science,https://ussh.vnu.edu.vn/vi/dao-tao/dao-tao-sau-dai-hoc.html
VNU University of Social Sciences and Humanities,Master in Research-oriented Archival Studies,https://ussh.vnu.edu.vn/vi/dao-tao/dao-tao-sau-dai-hoc.html
VNU University of Social Sciences and Humanities,Master in Research-oriented Information and Library Science,https://ussh.vnu.edu.vn/vi/dao-tao/dao-tao-sau-dai-hoc.html
VNU University of Social Sciences and Humanities,Master in Research-oriented Office Administration,https://ussh.vnu.edu.vn/vi/dao-tao/dao-tao-sau-dai-hoc.html
VNU University of Social Sciences and Humanities,Master in Research-oriented Science and Technology Management,https://ussh.vnu.edu.vn/vi/dao-tao/dao-tao-sau-dai-hoc.html
VNU University of Social Sciences and Humanities,Master in Theory and History of Cinema and Television,https://ussh.vnu.edu.vn/vi/dao-tao/dao-tao-sau-dai-hoc.html
VNU University of Social Sciences and Humanities,Multimedia Communication,https://ussh.vnu.edu.vn/vi/dao-tao/dao-tao-dai-hoc.html
VNU University of Social Sciences and Humanities,Office Administration,https://ussh.vnu.edu.vn/vi/dao-tao/dao-tao-dai-hoc.html
VNU University of Social Sciences and Humanities,Oriental Studies,https://ussh.vnu.edu.vn/vi/dao-tao/dao-tao-dai-hoc.html
VNU University of Social Sciences and Humanities,Philosophy,https://ussh.vnu.edu.vn/vi/dao-tao/dao-tao-dai-hoc.html
VNU University of Social Sciences and Humanities,Psychology,https://ussh.vnu.edu.vn/vi/dao-tao/dao-tao-dai-hoc.html
VNU University of Social Sciences and Humanities,Public Relations,https://ussh.vnu.edu.vn/vi/dao-tao/dao-tao-dai-hoc.html
VNU University of Social Sciences and Humanities,Resource and Environmental Management,https://ussh.vnu.edu.vn/vi/dao-tao/dao-tao-dai-hoc.html
VNU University of Social Sciences and Humanities,Scientific Socialism,https://ussh.vnu.edu.vn/vi/dao-tao/dao-tao-dai-hoc.html
VNU University of Social Sciences and Humanities,Social Work,https://ussh.vnu.edu.vn/vi/dao-tao/dao-tao-dai-hoc.html
VNU University of Social Sciences and Humanities,Sociology,https://ussh.vnu.edu.vn/vi/dao-tao/dao-tao-dai-hoc.html
VNU University of Social Sciences and Humanities,State Management,https://ussh.vnu.edu.vn/vi/dao-tao/dao-tao-dai-hoc.html
VNU University of Social Sciences and Humanities,Tourism and Travel Service Management,https://ussh.vnu.edu.vn/vi/dao-tao/dao-tao-dai-hoc.html
Van Hien University,Accounting,https://www.vhu.edu.vn/tuyen-sinh/
Van Hien University,Architecture,https://www.vhu.edu.vn/tuyen-sinh/
Van Hien University,Auditing,https://www.vhu.edu.vn/tuyen-sinh/
Van Hien University,Automotive Engineering Technology,https://www.vhu.edu.vn/tuyen-sinh/
Van Hien University,Biotechnology,https://www.vhu.edu.vn/tuyen-sinh/
Van Hien University,Business Administration,https://www.vhu.edu.vn/tuyen-sinh/
Van Hien University,Chinese Language,https://www.vhu.edu.vn/tuyen-sinh/
Van Hien University,Commercial Business,https://www.vhu.edu.vn/tuyen-sinh/
Van Hien University,Computer Networks and Communication,https://www.vhu.edu.vn/tuyen-sinh/
Van Hien University,Computer Science,https://www.vhu.edu.vn/tuyen-sinh/
Van Hien University,Control and Automation Engineering Technology,https://www.vhu.edu.vn/tuyen-sinh/
Van Hien University,Doctor of Business Administration,https://www.vhu.edu.vn/en/institute-of-graduate-international-education/
Van Hien University,Doctor of Vietnamese Literature,https://www.vhu.edu.vn/en/institute-of-graduate-international-education/
Van Hien University,E-commerce,https://www.vhu.edu.vn/tuyen-sinh/
Van Hien University,Economic Law,https://www.vhu.edu.vn/tuyen-sinh/
Van Hien University,Economics,https://www.vhu.edu.vn/tuyen-sinh/
Van Hien University,Electronics and Telecommunications Engineering,https://www.vhu.edu.vn/tuyen-sinh/
Van Hien University,English Language,https://www.vhu.edu.vn/tuyen-sinh/
Van Hien University,Environmental Engineering,https://www.vhu.edu.vn/tuyen-sinh/
Van Hien University,Fashion Design,https://www.vhu.edu.vn/tuyen-sinh/
Van Hien University,Film and Television Directing,https://www.vhu.edu.vn/tuyen-sinh/
Van Hien University,Film and Television Technology,https://www.vhu.edu.vn/tuyen-sinh/
Van Hien University,Finance - Banking,https://www.vhu.edu.vn/tuyen-sinh/
Van Hien University,Financial Technology,https://www.vhu.edu.vn/tuyen-sinh/
Van Hien University,Food Technology,https://www.vhu.edu.vn/tuyen-sinh/
Van Hien University,French Language,https://www.vhu.edu.vn/tuyen-sinh/
Van Hien University,Graphic Design,https://www.vhu.edu.vn/tuyen-sinh/
Van Hien University,Hotel Management,https://www.vhu.edu.vn/tuyen-sinh/
Van Hien University,Human Resource Management,https://www.vhu.edu.vn/tuyen-sinh/
Van Hien University,Information Technology,https://www.vhu.edu.vn/tuyen-sinh/
Van Hien University,Interior Design,https://www.vhu.edu.vn/tuyen-sinh/
Van Hien University,Japanese Language,https://www.vhu.edu.vn/tuyen-sinh/
Van Hien University,Law,https://www.vhu.edu.vn/tuyen-sinh/
Van Hien University,Literature,https://www.vhu.edu.vn/tuyen-sinh/
Van Hien University,Logistics and Supply Chain Management,https://www.vhu.edu.vn/tuyen-sinh/
Van Hien University,Marketing,https://www.vhu.edu.vn/tuyen-sinh/
Van Hien University,Master of Business Administration (MBA),https://www.vhu.edu.vn/en/institute-of-graduate-international-education/
Van Hien University,Master of Cultural Studies,https://www.vhu.edu.vn/en/institute-of-graduate-international-education/
Van Hien University,Master of Information Technology,https://www.vhu.edu.vn/en/institute-of-graduate-international-education/
Van Hien University,Master of Sociology,https://www.vhu.edu.vn/en/institute-of-graduate-international-education/
Van Hien University,Master of Tourism Management,https://www.vhu.edu.vn/en/institute-of-graduate-international-education/
Van Hien University,Multimedia Communication,https://www.vhu.edu.vn/tuyen-sinh/
Van Hien University,Oriental Studies,https://www.vhu.edu.vn/tuyen-sinh/
Van Hien University,Piano,https://www.vhu.edu.vn/tuyen-sinh/
Van Hien University,Psychology,https://www.vhu.edu.vn/tuyen-sinh/
Van Hien University,Public Relations,https://www.vhu.edu.vn/tuyen-sinh/
Van Hien University,Restaurant and Food Service Management,https://www.vhu.edu.vn/tuyen-sinh/
Van Hien University,Sociology,https://www.vhu.edu.vn/tuyen-sinh/
Van Hien University,Tourism,https://www.vhu.edu.vn/tuyen-sinh/
Van Hien University,Tourism and Travel Service Management,https://www.vhu.edu.vn/tuyen-sinh/
Van Hien University,Vietnamese Studies,https://www.vhu.edu.vn/tuyen-sinh/
Van Hien University,Vocal Music,https://www.vhu.edu.vn/tuyen-sinh/
Vietnam Aviation Academy,Aeronautical Engineering,https://fae.vaa.edu.vn/
Vietnam Aviation Academy,Air Traffic Management,https://vaa.edu.vn/
Vietnam Aviation Academy,Aircraft Maintenance Management,https://vaa.edu.vn/
Vietnam Aviation Academy,Airport Management and Operations,https://vaa.edu.vn/
Vietnam Aviation Academy,Artificial Intelligence and Big Data,https://vaa.edu.vn/
Vietnam Aviation Academy,Artificial Intelligence and Internet of Things,https://vaa.edu.vn/
Vietnam Aviation Academy,Aviation English,https://vaa.edu.vn/
Vietnam Aviation Academy,Aviation Security,https://vaa.edu.vn/
Vietnam Aviation Academy,Aviation Services,https://vaa.edu.vn/
Vietnam Aviation Academy,Business Administration,https://fba.vaa.edu.vn/
Vietnam Aviation Academy,Chinese Language,https://vaa.edu.vn/
Vietnam Aviation Academy,Civil and Construction Engineering,https://vaa.edu.vn/
Vietnam Aviation Academy,Commercial Tourism English,https://vaa.edu.vn/
Vietnam Aviation Academy,Digital Business,https://vaa.edu.vn/
Vietnam Aviation Academy,Digital Marketing,https://vaa.edu.vn/
Vietnam Aviation Academy,Electronics and Telecommunications Engineering,https://vaa.edu.vn/
Vietnam Aviation Academy,Finance Technology,https://vaa.edu.vn/
Vietnam Aviation Academy,Human Resource Management,https://vaa.edu.vn/
Vietnam Aviation Academy,Industrial Electronics,https://vaa.edu.vn/
Vietnam Aviation Academy,Information Technology,https://vaa.edu.vn/
Vietnam Aviation Academy,International Trade,https://vaa.edu.vn/
Vietnam Aviation Academy,Korean Language,https://vaa.edu.vn/
Vietnam Aviation Academy,Logistics and Supply Chain Management,https://vaa.edu.vn/
Vietnam Aviation Academy,Mechanical and Electrical Engineering,https://vaa.edu.vn/
Vietnam Aviation Academy,Software Engineering and Artificial Intelligence,https://vaa.edu.vn/
Vietnam Aviation Academy,Unmanned Aerial Vehicle Engineering,https://vaa.edu.vn/
Vietnam Maritime University,Accounting and Financial Management,http://eng.vimaru.edu.vn/en/dao-tao/cac-nganh-dao-tao
Vietnam Maritime University,Advanced Information Technology,http://eng.vimaru.edu.vn/en/dao-tao/cac-nganh-dao-tao
Vietnam Maritime University,Advanced Maritime Business,http://eng.vimaru.edu.vn/en/dao-tao/cac-nganh-dao-tao
Vietnam Maritime University,Automotive Engineering,http://eng.vimaru.edu.vn/en/dao-tao/cac-nganh-dao-tao
Vietnam Maritime University,Business Management,http://eng.vimaru.edu.vn/en/dao-tao/cac-nganh-dao-tao
Vietnam Maritime University,Business Management E-commerce,http://eng.vimaru.edu.vn/en/dao-tao/cac-nganh-dao-tao
Vietnam Maritime University,Business Management and Marketing,http://eng.vimaru.edu.vn/en/dao-tao/cac-nganh-dao-tao
Vietnam Maritime University,Construction Management,http://eng.vimaru.edu.vn/en/dao-tao/cac-nganh-dao-tao
Vietnam Maritime University,Control and Automation Engineering,http://eng.vimaru.edu.vn/en/dao-tao/cac-nganh-dao-tao
Vietnam Maritime University,Economics of International Trade,http://eng.vimaru.edu.vn/en/dao-tao/cac-nganh-dao-tao
Vietnam Maritime University,Economics of International Trade (selective),http://eng.vimaru.edu.vn/en/dao-tao/cac-nganh-dao-tao
Vietnam Maritime University,Electronic Engineering,http://eng.vimaru.edu.vn/en/dao-tao/cac-nganh-dao-tao
Vietnam Maritime University,English Commercial,http://tuyensinh.vimaru.edu.vn/chuyen-nganh-tieng-anh-thuong-mai
Vietnam Maritime University,Environmental Engineering,http://eng.vimaru.edu.vn/en/dao-tao/cac-nganh-dao-tao
Vietnam Maritime University,Finance and Banking Management,http://eng.vimaru.edu.vn/en/dao-tao/cac-nganh-dao-tao
Vietnam Maritime University,Global Studies and Maritime Affairs,http://eng.vimaru.edu.vn/en/dao-tao/cac-nganh-dao-tao
Vietnam Maritime University,Heat and Refrigeration Engineering,http://eng.vimaru.edu.vn/en/dao-tao/cac-nganh-dao-tao
Vietnam Maritime University,Hydraulic Engineering,http://eng.vimaru.edu.vn/en/dao-tao/cac-nganh-dao-tao
Vietnam Maritime University,Information Technology,http://eng.vimaru.edu.vn/en/dao-tao/cac-nganh-dao-tao
Vietnam Maritime University,Inland Waterway Business Program,http://eng.vimaru.edu.vn/en/dao-tao/cac-nganh-dao-tao
Vietnam Maritime University,International Business and Logistics,http://eng.vimaru.edu.vn/en/dao-tao/cac-nganh-dao-tao
Vietnam Maritime University,Logistics and Supply Chain Management,http://eng.vimaru.edu.vn/en/dao-tao/cac-nganh-dao-tao
Vietnam Maritime University,Maintenance Technology,http://eng.vimaru.edu.vn/en/dao-tao/cac-nganh-dao-tao
Vietnam Maritime University,Marine Engineering,http://eng.vimaru.edu.vn/en/dao-tao/cac-nganh-dao-tao
Vietnam Maritime University,Marine Machinery Operation and Maintenance,http://eng.vimaru.edu.vn/en/dao-tao/cac-nganh-dao-tao
Vietnam Maritime University,Marine Transport,http://eng.vimaru.edu.vn/en/dao-tao/cac-nganh-dao-tao
Vietnam Maritime University,Maritime Business,http://eng.vimaru.edu.vn/en/dao-tao/cac-nganh-dao-tao
Vietnam Maritime University,Maritime Safety Engineering,http://eng.vimaru.edu.vn/en/dao-tao/cac-nganh-dao-tao
Vietnam Maritime University,Maritime Science,http://eng.vimaru.edu.vn/en/dao-tao/cac-nganh-dao-tao
Vietnam Maritime University,Marketing Communication,http://eng.vimaru.edu.vn/en/dao-tao/cac-nganh-dao-tao
Vietnam Maritime University,Materials Handling Machinery and Automation,http://eng.vimaru.edu.vn/en/dao-tao/cac-nganh-dao-tao
Vietnam Maritime University,Mechanical Engineering,http://eng.vimaru.edu.vn/en/dao-tao/cac-nganh-dao-tao
Vietnam Maritime University,Mechanical and Marine Engineering,http://eng.vimaru.edu.vn/en/dao-tao/cac-nganh-dao-tao
Vietnam Maritime University,Mechatronics Engineering,http://eng.vimaru.edu.vn/en/dao-tao/cac-nganh-dao-tao
Vietnam Maritime University,Nautical Science,http://eng.vimaru.edu.vn/en/dao-tao/cac-nganh-dao-tao
Vietnam Maritime University,Naval Architecture,http://eng.vimaru.edu.vn/en/dao-tao/cac-nganh-dao-tao
Vietnam Maritime University,Safety Engineering,http://eng.vimaru.edu.vn/en/dao-tao/cac-nganh-dao-tao
Vietnam Maritime University,Shipbuilding,http://eng.vimaru.edu.vn/en/dao-tao/cac-nganh-dao-tao
Vietnam Maritime University,Software Engineering,http://eng.vimaru.edu.vn/en/dao-tao/cac-nganh-dao-tao
Vietnam Maritime University,Telecommunication Engineering and Computer Networks,http://eng.vimaru.edu.vn/en/dao-tao/cac-nganh-dao-tao
Vietnam Maritime University,Transport Management,http://eng.vimaru.edu.vn/en/dao-tao/cac-nganh-dao-tao
Vietnam Maritime University,Transport Organization and Management,http://eng.vimaru.edu.vn/en/dao-tao/cac-nganh-dao-tao
Vietnam Maritime University,Transportation and Infrastructure Engineering,http://eng.vimaru.edu.vn/en/dao-tao/cac-nganh-dao-tao
Vietnam National Academy of Music,Composition,https://www.vnam.edu.vn/
Vietnam National Academy of Music,Conducting,https://www.vnam.edu.vn/
Vietnam National Academy of Music,Instrumental Performance (Western Classical),https://www.vnam.edu.vn/
Vietnam National Academy of Music,Jazz Studies,https://www.vnam.edu.vn/
Vietnam National Academy of Music,Music Education,https://www.vnam.edu.vn/
Vietnam National Academy of Music,Musicology,https://www.vnam.edu.vn/
Vietnam National Academy of Music,Piano,https://www.vnam.edu.vn/
Vietnam National Academy of Music,Traditional Vietnamese Instrumental Performance,https://www.vnam.edu.vn/
Vietnam National Academy of Music,Vocal Studies,https://www.vnam.edu.vn/
Vietnam University of Fine Arts,Fine Arts Pedagogy,http://www.mythuatvietnam.edu.vn/
Vietnam University of Fine Arts,Graphic Design,http://www.mythuatvietnam.edu.vn/
Vietnam University of Fine Arts,Painting,http://www.mythuatvietnam.edu.vn/
Vietnam University of Fine Arts,Sculpture,http://www.mythuatvietnam.edu.vn/
Vietnam University of Fine Arts,"Theory, History & Criticism of Fine Arts",http://www.mythuatvietnam.edu.vn/
Vietnamese-German University,Business Administration,https://www.vgu.edu.vn/study-programs/business-administration/
Vietnamese-German University,Business Information Systems,https://www.vgu.edu.vn/study-programs/business-information-systems/
Vietnamese-German University,Computational Engineering,https://www.vgu.edu.vn/study-programs/computational-engineering/
Vietnamese-German University,Computer Science,https://www.vgu.edu.vn/study-programs/computer-science/
Vietnamese-German University,Electrical Engineering and Information Technology,https://www.vgu.edu.vn/study-programs/electrical-engineering-and-information-technology/
Vietnamese-German University,Finance and Accounting,https://www.vgu.edu.vn/study-programs/finance-and-accounting/
Vietnamese-German University,Global Finance and Economics,https://www.vgu.edu.vn/study-programs/global-finance-and-economics/
Vietnamese-German University,Global Production Engineering and Management,https://www.vgu.edu.vn/study-programs/global-production-engineering-and-management/
Vietnamese-German University,International Business and Management,https://www.vgu.edu.vn/study-programs/international-business-and-management/
Vietnamese-German University,M.Sc. in Electrical Engineering,https://www.vgu.edu.vn/study-programs/m-sc-in-electrical-engineering/
Vietnamese-German University,Master of Business Administration,https://www.vgu.edu.vn/study-programs/master-of-business-administration/
Vietnamese-German University,Master of Computer Science,https://www.vgu.edu.vn/study-programs/master-of-computer-science/
Vietnamese-German University,Materials Science,https://www.vgu.edu.vn/study-programs/materials-science/
Vietnamese-German University,Mechanical Engineering,https://www.vgu.edu.vn/study-programs/mechanical-engineering/
Vietnamese-German University,Mechatronics and Sensor Systems Technology,https://www.vgu.edu.vn/study-programs/mechatronics-and-sensor-systems-technology/
Vietnamese-German University,Sustainable Urban Development,https://www.vgu.edu.vn/study-programs/sustainable-urban-development/
Vietnamese-German University,"Water Technology, Reuse and Management",https://www.vgu.edu.vn/study-programs/water-technology-reuse-and-management/
